True,Pred
300.0,300.35022
60.0,59.847717
92.0,92.04224
284.0,286.2412
4.0,4.044098
76.0,75.258514
92.0,89.024475
220.00002,219.9908
284.0,283.77835
60.0,59.887115
284.0,283.98636
4.0,4.005554
108.0,107.23294
260.0,259.94922
300.0,300.44882
308.0,308.28964
252.0,251.09955
124.0,124.27841
76.0,75.77698
308.0,307.97974
308.0,306.20267
276.0,276.26953
100.0,99.93338
100.0,100.1362
100.0,99.99191
212.00002,212.14282
180.0,180.07469
84.0,83.657776
340.0,340.18658
4.0,4.159851
164.0,163.93408
100.0,99.18027
156.0,156.18024
300.0,300.14325
100.0,99.275024
308.0,308.18823
92.0,93.43744
292.0,292.25446
12.0,11.880035
308.0,308.39948
252.0,251.53082
276.0,277.18478
204.0,205.15085
244.0,243.96219
268.0,265.9078
236.00002,236.39513
132.0,131.9325
220.00002,220.3892
12.0,11.949951
252.0,252.01172
84.0,82.88486
124.0,124.03665
220.00002,220.02863
124.0,123.593994
124.0,124.00018
180.0,180.22414
20.0,18.188354
252.0,251.41617
340.0,340.44763
236.00002,235.77594
188.00002,188.12297
172.0,172.20837
20.0,20.01529
68.0,69.794525
156.0,156.98157
124.0,123.8916
84.0,81.19815
68.0,67.69052
36.0,35.591797
236.00002,236.40445
164.0,164.17065
20.0,19.833923
172.0,171.7591
300.0,299.96375
156.0,155.66333
236.00002,235.71826
316.0,316.19513
260.0,260.60522
52.0,52.94519
124.0,122.91025
44.0,43.41092
284.0,284.34048
244.0,244.00363
4.0,5.151184
340.0,340.0628
76.0,75.664734
204.0,203.82257
300.0,300.12323
252.0,252.30705
36.0,34.797913
108.0,108.15842
236.00002,237.94742
324.0,324.12253
260.0,259.8175
44.0,58.660004
268.0,268.0053
268.0,267.75592
36.0,36.01715
332.0,331.64783
244.0,241.95465
12.0,11.858551
348.0,348.0456
348.0,344.41714
188.00002,188.1788
188.00002,188.38036
308.0,308.22937
252.0,249.62274
228.0,230.07285
204.0,204.05226
52.0,51.975067
356.0,356.52798
84.0,84.22223
308.0,308.00696
180.0,179.93799
252.0,251.94777
324.0,324.1736
92.0,91.8363
268.0,268.36508
116.0,115.56189
204.0,204.35718
68.0,66.6113
36.0,35.61435
252.0,252.54045
4.0,4.009613
108.0,108.23761
12.0,11.756775
356.0,356.06613
292.0,293.29535
204.0,204.29498
124.0,123.86151
28.0,27.927216
220.00002,220.00404
20.0,19.440857
300.0,301.04672
4.0,4.0164795
212.00002,212.55652
92.0,91.92059
220.00002,220.49738
132.0,132.19229
132.0,131.1463
252.0,251.70825
244.0,242.707
92.0,91.42703
300.0,299.77618
116.0,116.31995
196.00002,196.1909
252.0,251.72127
76.0,76.197815
84.0,80.95917
52.0,51.78357
236.00002,238.54175
20.0,19.82901
20.0,20.076477
236.00002,237.71352
92.0,88.97629
236.00002,236.35922
172.0,172.2345
300.0,299.83508
44.0,42.512695
36.0,35.75128
244.0,245.0222
60.0,59.308014
84.0,81.33688
132.0,131.67194
156.0,156.06226
20.0,20.04309
268.0,267.93414
348.0,347.97754
36.0,36.43045
268.0,267.78342
156.0,156.09796
324.0,324.31235
68.0,68.65689
36.0,35.85971
244.0,243.49991
172.0,172.11102
260.0,260.84534
84.0,84.161224
292.0,294.10083
116.0,115.794525
276.0,275.9807
52.0,51.90802
140.0,139.90161
140.0,140.15265
60.0,59.477173
340.0,339.76407
324.0,324.56683
228.0,228.54488
252.0,251.77719
308.0,308.23468
220.00002,219.68939
260.0,255.77165
36.0,35.93927
52.0,50.930664
76.0,73.54346
244.0,245.82687
252.0,251.31018
340.0,340.2091
268.0,268.30838
20.0,19.926178
52.0,51.460083
84.0,84.11673
228.0,228.44447
196.00002,196.07094
92.0,91.865295
260.0,260.09155
316.0,315.98508
140.0,140.18094
252.0,251.78273
108.0,107.677216
348.0,348.09442
252.0,251.52283
84.0,83.803894
140.0,140.09479
84.0,83.67987
52.0,51.525482
260.0,259.58923
108.0,106.600494
300.0,300.98724
212.00002,212.08727
332.0,332.42242
52.0,40.34381
204.0,204.39502
204.0,205.22324
108.0,108.0553
124.0,124.45392
236.00002,236.11526
100.0,99.80585
68.0,67.84848
180.0,180.24815
316.0,316.2242
52.0,51.358093
124.0,124.16223
100.0,99.64703
212.00002,212.10309
4.0,4.129181
28.0,28.011536
172.0,172.13373
100.0,100.04764
156.0,156.39221
244.0,243.8667
300.0,300.86182
204.0,203.9372
332.0,332.1439
260.0,260.08914
84.0,83.47458
292.0,292.25616
340.0,340.34415
228.0,228.36034
156.0,156.36401
316.0,314.14468
164.0,164.31091
268.0,268.42297
116.0,115.09656
172.0,172.28418
188.00002,187.93637
332.0,332.0502
284.0,284.01025
348.0,348.53357
164.0,164.08405
28.0,27.779266
164.0,164.37817
348.0,348.20654
60.0,59.10257
276.0,276.0459
316.0,315.55554
228.0,228.80695
12.0,12.082184
108.0,107.53833
68.0,67.03702
148.0,148.32
236.00002,238.14337
180.0,180.05098
180.0,180.22029
12.0,12.084351
156.0,155.9118
324.0,324.28366
268.0,268.4556
204.0,204.55322
180.0,180.05458
220.00002,220.25099
356.0,356.37335
28.0,24.633148
148.0,148.1481
292.0,293.16525
324.0,324.60162
268.0,278.88422
36.0,34.701294
180.0,180.00989
252.0,251.76295
196.00002,196.55869
276.0,276.33118
164.0,164.08344
12.0,11.9366455
292.0,292.23163
348.0,347.95502
36.0,35.61737
204.0,204.34042
340.0,340.19742
316.0,316.3068
340.0,340.35907
268.0,269.143
148.0,147.97183
340.0,340.33505
316.0,316.28012
68.0,69.36832
204.0,203.86916
92.0,91.728
148.0,148.12054
284.0,284.229
140.0,140.0921
68.0,66.35135
276.0,276.11298
276.0,277.7456
316.0,316.40274
276.0,275.83405
156.0,156.19916
332.0,332.26654
140.0,139.89642
260.0,260.32965
100.0,100.34442
300.0,300.19232
180.0,179.9975
268.0,268.6059
52.0,50.980286
156.0,155.73218
12.0,14.947388
108.0,108.01306
356.0,356.02295
92.0,91.70734
276.0,276.625
292.0,292.26416
252.0,258.58844
12.0,12.038727
260.0,261.2479
20.0,19.979767
76.0,77.124176
356.0,356.34122
228.0,228.73366
76.0,75.66913
284.0,286.01178
252.0,251.94775
324.0,324.40964
36.0,35.433075
188.00002,188.11465
324.0,324.6615
220.00002,220.34406
172.0,172.40308
236.00002,235.58894
124.0,124.0676
180.0,179.87555
348.0,347.77396
196.00002,195.69516
92.0,91.49597
308.0,308.39288
308.0,305.1419
308.0,308.29288
124.0,123.68707
212.00002,212.10516
316.0,316.25204
276.0,276.646
180.0,180.0106
252.0,249.54892
300.0,301.69824
44.0,43.942688
4.0,4.1752625
340.0,340.36703
260.0,259.67313
196.00002,196.09918
28.0,27.477966
308.0,308.30408
308.0,308.166
300.0,300.25482
204.0,203.9373
316.0,316.2139
156.0,156.14124
308.0,308.1474
132.0,131.70285
284.0,285.4348
180.0,179.93512
36.0,35.605835
156.0,156.22931
228.0,229.04118
228.0,227.8099
12.0,11.654907
140.0,139.76642
124.0,124.0213
180.0,179.9494
84.0,83.9747
44.0,43.590057
292.0,292.06958
140.0,140.11761
156.0,156.30939
196.00002,195.98836
220.00002,219.8422
148.0,150.43597
324.0,324.10876
356.0,355.97757
84.0,86.07208
196.00002,240.82144
196.00002,196.12862
28.0,28.161804
4.0,4.022217
244.0,244.20868
196.00002,196.30295
348.0,348.12552
148.0,147.32349
236.00002,236.14221
148.0,148.03778
356.0,356.15768
196.00002,196.45135
196.00002,196.11662
268.0,268.18402
236.00002,236.23471
92.0,91.14026
36.0,35.750366
348.0,348.3623
340.0,340.1661
116.0,114.72699
116.0,116.10663
36.0,35.513306
84.0,83.85379
180.0,180.35219
156.0,156.3645
36.0,35.822693
68.0,71.79184
204.0,204.15077
28.0,27.118866
212.00002,211.39082
4.0,6.5191345
132.0,131.95517
340.0,340.55692
132.0,131.91797
284.0,284.01984
68.0,70.68912
220.00002,220.13023
172.0,172.16113
268.0,268.3253
28.0,27.731598
60.0,57.957886
228.0,228.44823
60.0,60.239105
332.0,332.2783
308.0,308.30637
44.0,43.895447
12.0,11.191589
212.00002,212.37921
324.0,325.16534
244.0,242.98184
348.0,348.2515
60.0,60.776978
164.0,163.97534
356.0,356.04404
100.0,99.99518
356.0,356.11047
52.0,51.21399
260.0,260.94678
20.0,19.555267
252.0,252.819
108.0,108.079926
44.0,43.738922
356.0,356.08133
84.0,83.77753
68.0,68.21796
220.00002,219.9127
228.0,227.8889
188.00002,188.34279
4.0,3.8124084
20.0,19.919128
60.0,60.900146
196.00002,196.12842
52.0,53.49994
356.0,356.21762
140.0,139.8205
284.0,283.84314
332.0,332.30853
220.00002,220.18478
60.0,59.45883
340.0,340.42084
316.0,316.3829
76.0,75.32483
12.0,12.393005
52.0,53.766113
108.0,107.986206
324.0,324.69177
316.0,316.43756
44.0,43.307373
4.0,3.902832
228.0,228.10934
12.0,11.915588
276.0,275.87906
36.0,35.84543
316.0,315.95834
84.0,84.85242
164.0,164.10211
220.00002,222.04985
92.0,92.599335
204.0,204.0785
92.0,91.96594
140.0,140.10675
340.0,340.13803
60.0,55.377472
76.0,76.74359
36.0,35.5354
140.0,140.0216
300.0,300.01172
308.0,308.3273
132.0,131.51959
116.0,116.06256
324.0,324.7556
76.0,76.03549
4.0,3.9259338
332.0,332.3812
220.00002,219.90234
20.0,19.691315
124.0,123.762695
28.0,28.442993
52.0,55.43454
100.0,99.615906
28.0,27.813751
124.0,123.79935
276.0,276.2696
84.0,84.11258
284.0,286.38684
4.0,3.9501648
124.0,123.83777
100.0,99.96097
36.0,35.435425
212.00002,215.95587
292.0,291.6342
92.0,90.9527
116.0,116.76172
116.0,116.20502
300.0,300.6409
228.0,227.96002
244.0,244.26227
284.0,285.41003
204.0,204.27701
268.0,268.65826
12.0,12.662201
76.0,75.76599
300.0,300.59732
12.0,11.936676
268.0,267.78635
220.00002,220.07779
68.0,63.803894
92.0,91.675934
188.00002,188.1066
308.0,310.10297
44.0,43.8963
284.0,283.77554
340.0,340.24353
324.0,324.21866
228.0,229.93759
180.0,180.25554
156.0,156.53754
116.0,116.93735
332.0,336.31107
348.0,348.15616
308.0,308.39618
220.00002,220.57924
156.0,156.11853
236.00002,236.03139
132.0,131.98077
332.0,334.98724
12.0,9.952332
268.0,268.10327
148.0,148.16473
220.00002,219.80684
100.0,99.78824
332.0,332.06696
28.0,27.615814
212.00002,212.30283
340.0,340.3872
300.0,300.151
108.0,107.70758
172.0,172.19
356.0,356.02188
148.0,147.5928
156.0,156.34192
68.0,67.95407
300.0,300.24622
140.0,139.77048
188.00002,188.13234
244.0,243.45941
244.0,244.60565
300.0,300.04504
172.0,171.89795
260.0,259.87338
284.0,284.3376
180.0,180.02718
188.00002,188.04504
68.0,67.77832
140.0,139.66089
20.0,18.839172
252.0,252.31982
12.0,11.804291
284.0,284.65228
340.0,340.34836
60.0,58.48355
220.00002,220.24017
84.0,83.78519
172.0,172.2381
164.0,163.95996
36.0,34.91992
68.0,67.2973
332.0,332.31805
180.0,179.97601
140.0,139.95782
188.00002,188.34096
188.00002,188.15446
180.0,180.04964
316.0,316.41077
44.0,43.187744
68.0,67.32352
60.0,60.1286
340.0,341.90906
188.00002,188.04333
196.00002,196.22693
228.0,222.73386
36.0,35.632385
268.0,268.4803
20.0,19.875183
180.0,180.08475
260.0,260.56006
260.0,260.15747
52.0,51.513977
212.00002,212.31625
276.0,276.64948
268.0,268.09106
236.00002,235.66428
284.0,284.2893
156.0,155.79736
92.0,92.24768
244.0,243.48047
156.0,156.26147
300.0,300.0271
60.0,59.034393
332.0,332.2361
100.0,100.460724
140.0,140.24872
172.0,171.47852
196.00002,196.0531
132.0,131.94733
180.0,180.03532
12.0,13.062164
44.0,43.479004
300.0,295.028
52.0,51.73059
292.0,292.4038
140.0,139.77917
12.0,12.807312
244.0,244.20845
244.0,243.70459
268.0,268.2481
156.0,156.18304
196.00002,196.13876
180.0,178.53992
204.0,204.12541
76.0,75.48462
252.0,261.4531
188.00002,188.1304
252.0,252.05246
156.0,156.3982
268.0,265.00104
76.0,76.23883
108.0,107.637024
156.0,156.22107
68.0,64.470764
284.0,284.03424
220.00002,219.77043
220.00002,220.2711
52.0,57.135284
212.00002,212.01653
44.0,43.498962
44.0,43.7052
244.0,243.64458
308.0,308.36163
284.0,283.6766
164.0,164.07422
228.0,228.00557
204.0,204.13707
180.0,180.12096
164.0,164.08148
52.0,51.545258
140.0,140.24417
132.0,132.2366
116.0,116.093506
268.0,268.23456
12.0,11.916168
68.0,67.561676
28.0,28.250488
204.0,204.6961
188.00002,188.20006
180.0,180.2105
180.0,180.03429
308.0,308.19806
236.00002,235.99545
68.0,64.71454
132.0,131.71393
20.0,19.56015
356.0,356.01028
156.0,158.12738
60.0,59.496002
220.00002,219.91722
308.0,307.93063
252.0,251.90991
60.0,58.96927
268.0,271.43445
212.00002,212.26036
268.0,272.31747
196.00002,196.41357
140.0,140.02893
196.00002,196.24663
76.0,75.84909
172.0,172.16919
260.0,260.45834
276.0,277.29218
204.0,204.30846
252.0,251.41983
348.0,348.28928
60.0,60.048737
124.0,124.10278
68.0,67.3103
68.0,67.87732
100.0,98.9498
204.0,204.25217
180.0,180.17798
108.0,107.98691
100.0,99.74591
252.0,251.1502
156.0,156.51532
276.0,276.14862
4.0,4.1784363
156.0,155.60828
236.00002,235.40778
180.0,180.00655
92.0,91.78931
52.0,51.54596
332.0,332.92084
268.0,269.38068
20.0,20.270416
100.0,99.36282
236.00002,234.8751
180.0,180.0404
212.00002,211.87799
20.0,19.807648
60.0,58.609314
124.0,123.85812
60.0,59.87506
124.0,124.08066
292.0,292.13138
340.0,340.1959
348.0,348.3548
148.0,148.33936
236.00002,236.9202
228.0,227.82059
180.0,179.893
348.0,347.99445
332.0,332.2568
316.0,316.40265
172.0,172.0617
60.0,59.11212
156.0,156.09589
12.0,12.008484
180.0,180.12332
308.0,310.00092
308.0,308.12814
228.0,227.84064
244.0,244.12732
76.0,74.38873
84.0,83.16925
292.0,291.95877
124.0,124.08026
148.0,147.8617
244.0,243.47232
52.0,51.582153
292.0,292.0111
108.0,108.28198
124.0,123.80173
260.0,265.79907
148.0,148.11145
260.0,264.5161
244.0,241.21829
28.0,27.52182
220.00002,220.1944
212.00002,212.2067
204.0,204.55673
228.0,227.7056
348.0,347.99533
20.0,19.831848
252.0,255.95026
132.0,131.61682
4.0,4.273773
100.0,100.1174
316.0,306.66815
308.0,308.1526
188.00002,188.30681
12.0,12.0448
4.0,4.0739136
332.0,331.32364
300.0,300.9413
268.0,269.08844
156.0,155.96735
76.0,73.68762
132.0,132.27072
268.0,268.45996
316.0,316.62436
324.0,324.98856
36.0,35.743958
316.0,316.39374
180.0,179.98303
92.0,92.27661
76.0,75.323
132.0,131.45721
300.0,300.0937
204.0,204.16588
28.0,27.66391
100.0,99.90671
108.0,108.2251
180.0,180.03593
180.0,179.91809
316.0,315.66956
60.0,59.580505
348.0,348.57092
68.0,67.839966
68.0,67.39978
212.00002,212.24365
188.00002,188.3783
124.0,124.23718
44.0,43.22751
108.0,108.08676
308.0,308.28076
348.0,348.27805
44.0,44.31201
156.0,155.95831
220.00002,219.52084
244.0,243.83142
292.0,292.31577
52.0,52.67517
100.0,99.87482
252.0,251.77802
260.0,260.10406
108.0,107.82495
268.0,268.24573
52.0,51.98941
116.0,115.62341
356.0,356.6305
348.0,347.76218
212.00002,212.30568
252.0,258.47113
212.00002,214.60478
116.0,115.82059
28.0,27.563599
124.0,124.25702
188.00002,188.46797
260.0,259.79462
316.0,316.38232
196.00002,196.24626
324.0,324.2535
244.0,244.27106
316.0,316.31897
4.0,3.9015503
132.0,131.58258
324.0,324.99167
220.00002,220.19183
52.0,51.318146
132.0,131.94586
252.0,252.39368
284.0,284.6635
204.0,204.2096
292.0,292.18402
268.0,270.8299
140.0,139.98706
284.0,284.45203
308.0,308.51947
340.0,339.60455
348.0,348.1826
164.0,163.81836
292.0,294.03592
196.00002,196.30157
316.0,316.18393
228.0,228.62555
12.0,12.760345
68.0,68.00726
276.0,276.53998
60.0,59.99643
52.0,51.917908
196.00002,196.20311
180.0,180.25903
188.00002,187.73195
92.0,91.30194
84.0,80.95334
196.00002,196.3141
148.0,148.12689
164.0,164.14117
244.0,243.83981
164.0,163.70953
36.0,35.200226
76.0,81.14517
268.0,268.331
276.0,275.83215
44.0,42.914642
236.00002,235.74312
244.0,244.29971
164.0,163.56
116.0,116.13638
236.00002,236.11179
76.0,75.87399
220.00002,220.50278
172.0,172.16925
340.0,340.31677
276.0,274.2472
236.00002,236.57413
20.0,22.829834
132.0,132.00937
188.00002,187.93243
156.0,156.17242
116.0,115.92847
36.0,35.73764
180.0,180.22076
52.0,51.69052
124.0,124.03693
212.00002,211.91106
52.0,50.80948
292.0,291.98602
28.0,27.080963
196.00002,196.2966
36.0,35.766815
60.0,59.404114
340.0,340.0835
108.0,108.12341
244.0,244.05756
36.0,34.4057
260.0,263.06345
84.0,83.664795
28.0,27.133392
180.0,180.19115
276.0,278.39398
36.0,34.699097
244.0,243.1293
156.0,156.2417
52.0,51.824768
108.0,107.12256
172.0,171.46289
44.0,43.37494
292.0,293.17557
252.0,251.98723
268.0,267.97302
260.0,259.80588
60.0,59.0849
68.0,65.69003
332.0,332.8187
180.0,180.18442
12.0,11.808319
60.0,57.348236
196.00002,196.41298
4.0,4.135376
300.0,299.9239
252.0,251.34721
212.00002,212.32819
276.0,276.3536
172.0,172.11914
196.00002,196.17776
84.0,83.67099
76.0,74.658295
84.0,84.44324
244.0,244.2251
220.00002,220.52313
148.0,148.11188
116.0,116.00888
76.0,74.951965
116.0,115.510254
68.0,67.652985
324.0,324.59613
236.00002,235.80078
284.0,289.76172
228.0,228.41518
84.0,83.35629
172.0,173.14954
228.0,228.2433
220.00002,220.17267
308.0,307.5381
84.0,82.74811
188.00002,188.08858
260.0,260.5311
52.0,51.193634
332.0,332.37817
340.0,340.3998
284.0,285.03668
140.0,141.36102
20.0,19.877289
132.0,133.53372
148.0,148.17197
156.0,156.59253
236.00002,235.8474
332.0,332.44016
236.00002,235.85709
244.0,244.1639
124.0,123.86908
324.0,324.48114
228.0,227.98958
324.0,324.34268
300.0,300.16934
44.0,43.641052
60.0,59.373627
76.0,75.34656
268.0,267.8119
164.0,163.81903
36.0,35.57422
340.0,340.2809
36.0,33.73587
316.0,316.54724
300.0,300.3086
148.0,147.9367
236.00002,235.79367
292.0,291.9651
292.0,287.25284
260.0,259.34824
300.0,300.00003
156.0,156.32605
292.0,291.84174
252.0,257.54572
252.0,251.39957
44.0,43.619873
260.0,260.81058
220.00002,219.85342
356.0,356.1175
196.00002,196.43457
212.00002,211.6525
52.0,51.76465
108.0,108.10443
84.0,84.07449
188.00002,188.23299
308.0,307.69687
116.0,115.982086
12.0,12.158203
348.0,348.30722
284.0,284.1461
180.0,179.96521
12.0,11.586761
324.0,328.53528
308.0,308.64847
284.0,284.4561
116.0,115.82037
132.0,131.99408
132.0,131.84259
356.0,355.9171
20.0,18.988708
340.0,340.2647
124.0,122.93588
292.0,292.66113
268.0,258.40857
36.0,35.59442
348.0,347.22025
260.0,260.26392
52.0,51.364624
132.0,132.61249
188.00002,188.25888
28.0,27.085236
300.0,303.55096
116.0,116.198425
228.0,224.31548
156.0,155.60394
60.0,59.11566
28.0,27.923615
172.0,172.20752
260.0,260.2457
348.0,348.04874
124.0,124.14325
116.0,116.04352
68.0,65.05197
132.0,132.80167
348.0,348.06592
252.0,252.9316
300.0,300.1586
244.0,244.44
36.0,33.292145
348.0,348.00916
180.0,179.8565
292.0,292.1699
292.0,291.99088
108.0,108.5755
84.0,83.91498
348.0,348.6903
188.00002,188.18825
188.00002,188.5216
148.0,148.11575
180.0,180.06343
180.0,180.24185
300.0,300.18915
284.0,284.22675
92.0,89.57355
356.0,356.29602
60.0,59.576263
164.0,163.95856
204.0,204.92105
132.0,132.03714
292.0,292.02707
316.0,307.66638
76.0,76.18933
188.00002,188.1711
292.0,295.8871
132.0,132.08337
68.0,67.71533
4.0,3.9947205
124.0,124.41275
300.0,300.059
196.00002,196.58139
60.0,59.15564
212.00002,212.2799
196.00002,195.99774
108.0,108.01373
356.0,356.30447
212.00002,212.91231
228.0,228.03818
284.0,283.91748
212.00002,212.45537
68.0,67.88925
276.0,276.62216
4.0,4.179535
76.0,76.329865
36.0,35.76367
52.0,51.612
100.0,99.973206
44.0,43.364685
348.0,348.22464
340.0,340.13422
348.0,348.1389
132.0,131.9336
204.0,204.60959
20.0,19.912872
148.0,148.32767
140.0,140.06857
84.0,84.15039
172.0,172.22668
348.0,348.14365
180.0,180.06737
268.0,267.78644
260.0,260.26807
212.00002,212.309
316.0,316.95923
164.0,164.307
324.0,324.38037
316.0,316.30997
60.0,60.16736
28.0,30.113556
260.0,260.014
76.0,77.2038
108.0,108.10858
196.00002,195.96445
84.0,83.863434
132.0,131.78333
180.0,179.01416
108.0,108.37335
308.0,308.31677
332.0,332.21997
188.00002,188.14136
12.0,12.377258
148.0,147.68268
244.0,243.70187
76.0,77.12796
244.0,244.18231
212.00002,212.30121
308.0,308.53067
124.0,123.91919
276.0,276.00012
284.0,283.72757
76.0,75.73535
268.0,267.97775
108.0,107.381775
276.0,275.82184
236.00002,236.42912
188.00002,188.08974
76.0,76.592285
244.0,243.42567
276.0,276.7328
52.0,51.258698
124.0,123.89627
148.0,147.92963
204.0,204.13658
36.0,35.45749
228.0,227.83177
124.0,124.22763
180.0,180.30293
300.0,300.1496
316.0,316.1453
300.0,300.1945
252.0,251.76752
4.0,3.9449158
236.00002,235.74648
340.0,340.2855
12.0,12.125397
244.0,243.55698
324.0,324.48996
284.0,284.00192
188.00002,188.17447
148.0,147.70026
60.0,59.572235
180.0,180.16237
140.0,140.28934
68.0,68.859924
116.0,116.009705
204.0,204.3973
108.0,107.96887
180.0,180.13707
172.0,172.13916
172.0,172.1806
268.0,268.3915
316.0,316.12766
220.00002,220.20499
76.0,76.58856
132.0,132.0274
132.0,132.18155
92.0,92.013855
180.0,180.18138
332.0,332.46808
204.0,204.60558
236.00002,235.82693
260.0,260.18164
292.0,291.86786
156.0,155.83081
100.0,100.13614
356.0,356.03372
236.00002,235.93701
52.0,50.6604
108.0,107.50226
284.0,284.14587
268.0,270.01532
236.00002,236.48271
132.0,131.84503
76.0,69.8295
220.00002,223.56073
348.0,348.44675
188.00002,188.25786
148.0,148.2185
188.00002,188.16933
20.0,19.416107
300.0,300.04114
324.0,324.3305
316.0,316.4895
68.0,67.82373
180.0,180.17789
340.0,339.25455
172.0,171.28351
244.0,244.71678
356.0,356.21436
68.0,67.37558
164.0,164.42041
140.0,139.80127
76.0,76.41748
20.0,19.925385
140.0,140.23608
356.0,356.41812
148.0,148.1051
148.0,151.60522
116.0,115.6084
156.0,155.44824
84.0,85.425934
116.0,116.0361
108.0,107.97113
36.0,35.912476
276.0,275.83685
252.0,251.89424
316.0,316.6235
236.00002,236.04767
124.0,124.013916
148.0,149.52386
308.0,309.72028
244.0,245.46735
60.0,56.58603
12.0,12.128174
308.0,308.50488
12.0,11.761108
20.0,19.799622
268.0,270.03003
44.0,43.411133
300.0,300.0193
180.0,180.17813
180.0,180.19281
204.0,204.36612
260.0,258.4339
148.0,147.87683
172.0,172.25311
28.0,27.742432
172.0,170.55505
100.0,100.21698
340.0,340.17615
100.0,99.9393
164.0,163.44067
252.0,251.80963
164.0,163.94598
268.0,268.1873
196.00002,196.29839
44.0,43.57196
4.0,4.039673
36.0,38.24948
164.0,164.21265
236.00002,237.86761
92.0,91.699646
244.0,243.94312
268.0,269.41824
188.00002,188.19514
268.0,268.8939
220.00002,220.47601
276.0,276.68512
260.0,256.47522
84.0,84.07904
20.0,16.248322
244.0,243.64586
180.0,180.05423
36.0,35.609802
140.0,139.79675
204.0,203.99716
332.0,331.57056
236.00002,236.22263
148.0,147.90466
276.0,270.9766
316.0,316.58737
172.0,172.04456
276.0,275.97302
148.0,148.22363
252.0,251.02286
148.0,147.4674
348.0,348.2763
180.0,180.04582
172.0,172.30554
316.0,316.1056
324.0,322.4552
92.0,91.743256
156.0,155.77655
332.0,332.344
20.0,20.272644
284.0,285.25763
212.00002,212.32872
52.0,51.104523
172.0,171.781
52.0,51.958954
276.0,276.02942
196.00002,196.53995
12.0,12.004211
332.0,332.36884
276.0,276.16733
124.0,123.966125
316.0,316.335
356.0,356.06586
28.0,27.96643
60.0,59.663055
60.0,59.589783
140.0,139.98932
212.00002,211.74533
356.0,356.43893
164.0,163.664
108.0,107.85391
332.0,331.94623
188.00002,188.27083
340.0,340.47046
212.00002,212.37793
28.0,27.585938
340.0,339.65637
20.0,19.691162
244.0,244.24814
212.00002,212.3641
188.00002,188.1888
332.0,332.4646
188.00002,188.16373
356.0,355.72482
348.0,346.79413
148.0,147.9234
108.0,107.79193
308.0,308.14297
340.0,340.08252
164.0,164.0523
20.0,20.358948
228.0,228.63034
124.0,124.012054
284.0,284.5423
92.0,91.2211
212.00002,213.29547
172.0,172.26666
196.00002,195.75381
148.0,147.81702
220.00002,219.81984
204.0,204.21829
4.0,4.6939697
196.00002,196.48697
180.0,180.19748
300.0,299.84424
84.0,84.28314
180.0,179.94562
188.00002,188.31126
236.00002,236.66489
148.0,147.94958
4.0,4.5482483
188.00002,188.2619
196.00002,195.45755
116.0,115.49463
316.0,316.4722
140.0,139.94757
100.0,99.94855
164.0,163.87335
324.0,324.2464
236.00002,235.59857
308.0,308.1067
4.0,4.0483093
236.00002,236.32039
212.00002,212.05412
28.0,27.851898
300.0,299.96906
228.0,229.35951
124.0,124.007965
244.0,243.9294
4.0,4.121338
196.00002,196.60733
308.0,307.6029
4.0,4.0753784
100.0,99.66083
124.0,123.68225
28.0,27.798492
68.0,67.77417
252.0,251.46146
68.0,67.83664
68.0,65.06671
316.0,316.54333
324.0,324.50415
180.0,180.07936
68.0,67.287506
204.0,204.46748
204.0,204.06197
284.0,285.7685
84.0,83.727356
316.0,316.6094
332.0,332.31674
140.0,139.91895
52.0,50.95706
92.0,91.79138
268.0,268.8055
124.0,124.2536
116.0,115.947876
140.0,140.37946
60.0,59.512238
148.0,148.11322
228.0,228.35527
156.0,155.91302
156.0,155.95581
60.0,59.792084
236.00002,236.52975
276.0,275.9633
164.0,164.04816
172.0,172.40637
348.0,348.15585
332.0,332.41486
212.00002,212.21509
116.0,115.91275
172.0,172.06836
236.00002,236.00528
212.00002,213.34552
356.0,355.7893
180.0,180.11134
196.00002,196.2324
348.0,348.0675
204.0,204.4757
52.0,51.384125
20.0,20.848877
292.0,291.1798
228.0,227.87735
300.0,300.07812
332.0,331.94904
100.0,100.1597
236.00002,236.32513
52.0,50.76111
28.0,27.643677
92.0,92.04059
204.0,203.98428
204.0,204.31471
100.0,99.615295
28.0,27.459778
172.0,172.05121
108.0,108.11984
172.0,172.03894
180.0,180.21136
12.0,12.055206
124.0,125.11374
28.0,26.944366
276.0,271.1924
52.0,52.09027
12.0,11.912262
244.0,243.89494
60.0,61.190887
340.0,340.2398
284.0,284.411
4.0,4.02417
236.00002,235.11755
228.0,228.44101
60.0,58.845764
284.0,283.71994
164.0,164.10706
324.0,325.03
100.0,94.85132
92.0,91.476074
156.0,155.4726
12.0,13.834564
108.0,106.945526
156.0,156.39465
268.0,268.2224
204.0,204.1481
52.0,59.019196
4.0,4.0119934
52.0,51.911774
268.0,268.26822
252.0,253.17215
268.0,268.17908
276.0,276.3279
100.0,99.94812
108.0,107.80771
84.0,84.09061
148.0,147.99338
180.0,180.21237
68.0,67.78247
268.0,268.75253
212.00002,211.85368
148.0,148.0899
140.0,139.9729
116.0,116.104065
284.0,283.87366
180.0,179.97937
4.0,4.1963806
308.0,308.23767
228.0,228.1213
332.0,332.46808
76.0,76.21954
324.0,323.467
180.0,180.27022
188.00002,188.38068
148.0,148.15451
236.00002,235.81883
52.0,51.516754
28.0,27.315186
284.0,284.13483
148.0,147.85834
276.0,275.83408
196.00002,196.53531
124.0,124.55975
260.0,261.2072
188.00002,188.39622
108.0,108.02524
100.0,99.22272
12.0,12.026978
268.0,268.08017
140.0,139.72601
316.0,316.09888
180.0,180.14342
316.0,316.28818
268.0,257.3914
60.0,59.539642
268.0,266.35455
356.0,356.53494
108.0,107.8974
60.0,59.564087
324.0,324.22726
348.0,348.23172
196.00002,196.08005
252.0,253.59409
12.0,11.896057
28.0,27.623444
204.0,204.46332
180.0,180.12665
196.00002,196.34186
124.0,123.994354
236.00002,236.32861
236.00002,235.94595
324.0,324.28772
316.0,312.05142
204.0,203.0126
300.0,299.975
84.0,83.8631
52.0,49.2218
100.0,101.93417
244.0,243.57773
228.0,227.70331
220.00002,220.25534
60.0,61.93979
220.00002,220.19023
300.0,301.19077
276.0,276.08237
148.0,147.90277
308.0,308.29193
132.0,131.9502
236.00002,235.535
356.0,356.16678
116.0,116.12836
116.0,115.56354
180.0,180.04692
140.0,140.03253
4.0,4.5045166
92.0,91.57538
140.0,140.08661
356.0,355.9041
228.0,228.2039
252.0,251.80661
332.0,332.38388
348.0,348.16815
20.0,19.746582
180.0,180.11179
76.0,75.7865
60.0,64.32504
20.0,20.043945
164.0,163.81384
68.0,67.78943
100.0,99.88922
76.0,76.028656
204.0,204.43047
12.0,12.109924
340.0,340.03558
340.0,340.05765
212.00002,211.90857
180.0,180.19638
196.00002,196.24152
284.0,283.05783
76.0,76.06323
44.0,42.885773
68.0,69.00787
188.00002,188.36246
276.0,276.11942
84.0,83.59982
156.0,155.85138
180.0,180.0613
4.0,4.208679
188.00002,188.12558
44.0,43.411804
12.0,11.520294
92.0,91.74017
68.0,68.767456
84.0,83.73532
236.00002,236.18468
220.00002,219.9829
260.0,259.7587
36.0,34.350464
132.0,132.20648
252.0,253.32126
100.0,99.96338
124.0,123.96228
228.0,228.88516
356.0,356.01944
132.0,131.69601
28.0,27.745453
180.0,180.09201
180.0,180.10594
332.0,332.0089
196.00002,196.34917
236.00002,235.52231
92.0,91.893555
52.0,51.32016
196.00002,196.21906
28.0,27.072632
268.0,265.95593
108.0,108.140015
212.00002,212.139
44.0,44.044495
300.0,300.07687
12.0,11.916168
308.0,308.26083
116.0,116.08063
140.0,139.55817
108.0,107.92566
116.0,116.26941
196.00002,196.37033
116.0,115.828094
316.0,311.28036
100.0,99.80179
196.00002,196.47993
260.0,260.0854
44.0,43.36374
292.0,291.78824
108.0,107.84683
276.0,275.75928
76.0,75.50427
84.0,84.35803
348.0,348.04764
332.0,332.34705
308.0,308.46887
324.0,324.37375
204.0,204.2992
284.0,284.29868
308.0,305.24228
148.0,147.92896
156.0,155.51581
132.0,132.2279
276.0,279.767
148.0,147.776
180.0,180.31831
300.0,300.01105
60.0,59.317963
68.0,66.655334
132.0,131.95746
44.0,43.726074
12.0,12.043396
204.0,204.4037
284.0,285.2968
244.0,244.19623
132.0,131.91733
36.0,35.33795
348.0,348.48892
228.0,229.11298
316.0,316.5703
28.0,27.650635
52.0,51.46399
92.0,92.04236
340.0,340.2163
332.0,332.8836
244.0,243.64836
236.00002,237.36491
116.0,115.8129
100.0,99.84561
116.0,116.13672
348.0,348.15665
116.0,116.9729
204.0,203.96469
340.0,340.44122
92.0,94.039154
132.0,131.59113
52.0,51.44214
12.0,13.02121
228.0,228.61568
60.0,59.68692
84.0,85.08093
4.0,3.9630432
84.0,81.936584
260.0,259.59348
172.0,172.19238
180.0,179.93646
68.0,64.73871
188.00002,188.30028
356.0,356.02222
68.0,64.18808
164.0,163.99243
284.0,284.15088
84.0,82.45264
44.0,44.52008
92.0,91.59775
340.0,340.31458
4.0,4.6284485
324.0,324.236
204.0,204.31606
4.0,4.0079346
212.00002,212.43523
180.0,180.00253
148.0,147.1394
36.0,35.541687
28.0,27.512512
148.0,148.26477
348.0,348.35413
132.0,132.09131
228.0,228.04663
108.0,107.95282
284.0,281.12213
220.00002,220.19437
276.0,276.90863
252.0,252.05319
172.0,172.22919
172.0,171.07904
180.0,179.92389
140.0,140.08551
172.0,172.01599
156.0,156.23236
300.0,299.91104
212.00002,212.41264
164.0,164.63269
268.0,268.7691
276.0,275.24646
60.0,59.26294
92.0,91.83026
308.0,308.95734
52.0,51.347687
260.0,260.42346
140.0,139.98682
220.00002,220.19606
276.0,273.0253
76.0,75.39975
60.0,60.260162
12.0,11.34314
180.0,180.10466
252.0,252.68591
284.0,282.26776
140.0,140.03876
92.0,92.09537
28.0,27.793976
228.0,227.88882
284.0,284.2372
68.0,67.35715
276.0,275.97623
324.0,324.33615
76.0,75.583405
76.0,76.67822
188.00002,188.72206
268.0,268.16547
180.0,180.00784
172.0,172.15479
68.0,67.75336
4.0,3.9767456
252.0,254.13785
44.0,43.529907
140.0,140.19214
68.0,68.61456
156.0,156.15857
76.0,75.61502
124.0,123.86224
140.0,139.90631
284.0,284.04105
308.0,308.01056
332.0,332.44342
164.0,164.21155
28.0,26.728699
92.0,91.888214
228.0,228.95695
76.0,75.63846
188.00002,188.3047
100.0,99.74902
76.0,75.7431
12.0,12.085754
260.0,257.6411
204.0,204.22835
196.00002,195.93326
356.0,356.2054
204.0,204.08292
220.00002,220.41261
28.0,27.823883
268.0,268.49997
20.0,19.97754
148.0,148.01709
220.00002,220.57367
276.0,275.8673
100.0,101.21942
276.0,275.78738
76.0,75.81839
84.0,83.548706
4.0,4.317566
236.00002,235.70578
292.0,291.82422
252.0,250.91895
164.0,164.24133
12.0,11.698029
260.0,264.09793
4.0,4.199127
28.0,28.056885
316.0,316.23935
284.0,284.00323
100.0,99.90701
356.0,355.76416
324.0,324.20667
116.0,116.213135
236.00002,235.47546
260.0,260.0998
92.0,91.77655
92.0,91.95105
268.0,266.24237
164.0,163.60614
316.0,316.6535
188.00002,188.0298
52.0,52.804016
276.0,275.67456
308.0,308.3434
20.0,25.115753
172.0,172.04724
220.00002,220.22972
276.0,270.7667
212.00002,211.82529
212.00002,212.2359
308.0,308.07635
356.0,356.0247
140.0,138.52777
324.0,324.5026
340.0,338.3358
12.0,11.799225
4.0,5.857849
100.0,99.72461
308.0,309.3061
4.0,4.034027
124.0,124.08246
292.0,292.03787
148.0,148.27954
36.0,40.59659
84.0,83.5726
276.0,275.67734
236.00002,235.98547
252.0,251.86725
52.0,51.636444
252.0,257.03134
116.0,116.209656
36.0,35.929474
108.0,108.33008
284.0,284.1431
348.0,350.0423
340.0,340.2462
252.0,252.59909
180.0,180.04898
156.0,156.20874
332.0,332.39032
132.0,131.83856
204.0,204.55217
12.0,11.709351
140.0,139.92633
68.0,67.57538
316.0,318.50812
276.0,276.36948
284.0,284.30078
108.0,108.474396
156.0,156.01715
4.0,4.3904114
260.0,260.9873
212.00002,212.47096
268.0,267.85974
228.0,227.95041
308.0,308.13232
308.0,308.10184
252.0,252.64816
204.0,203.89175
20.0,19.511719
220.00002,219.84474
252.0,252.03253
124.0,123.89996
212.00002,212.08762
4.0,4.2547913
180.0,180.19598
20.0,19.801819
244.0,243.93971
340.0,340.31024
108.0,108.07172
164.0,163.90948
356.0,356.00858
332.0,332.2566
156.0,156.14716
260.0,260.538
148.0,147.3103
276.0,276.71133
148.0,148.06848
228.0,223.86295
324.0,324.12448
100.0,101.564575
276.0,276.2655
324.0,324.37744
148.0,148.08258
68.0,66.92328
164.0,164.20532
12.0,12.130646
340.0,340.39944
252.0,251.93036
68.0,67.44321
28.0,27.965271
116.0,116.0108
268.0,267.94977
324.0,324.58023
148.0,147.93
148.0,147.89899
308.0,307.51825
156.0,156.26501
252.0,252.08322
212.00002,212.08034
28.0,27.789246
180.0,180.1062
4.0,4.7389526
356.0,356.51227
252.0,252.29642
84.0,84.14365
156.0,156.28174
68.0,67.3725
316.0,316.0853
300.0,295.6571
52.0,51.69098
180.0,180.24171
124.0,123.52893
268.0,268.1396
268.0,268.32394
324.0,324.2875
28.0,27.808472
260.0,257.839
252.0,252.03693
12.0,11.853943
156.0,156.02948
332.0,329.99466
116.0,115.847534
276.0,275.93304
148.0,147.78925
340.0,340.47037
84.0,83.03824
116.0,116.335846
44.0,43.62564
4.0,3.9102173
132.0,132.26126
164.0,163.96594
148.0,148.34131
220.00002,219.97943
132.0,131.932
332.0,332.16556
348.0,348.24472
148.0,147.8696
228.0,228.41562
228.0,227.29381
332.0,332.00674
356.0,356.1877
212.00002,212.28273
260.0,260.0522
268.0,268.33008
244.0,243.89435
276.0,276.08212
236.00002,235.5841
44.0,43.268097
164.0,163.89185
132.0,132.13055
196.00002,196.1979
36.0,35.855896
236.00002,235.9479
20.0,20.560547
284.0,286.16855
156.0,156.31012
84.0,84.081604
100.0,99.93872
20.0,19.86081
140.0,140.1518
260.0,259.41245
236.00002,236.25159
236.00002,235.97902
284.0,283.91248
68.0,62.243835
300.0,300.0684
308.0,308.28604
60.0,59.125275
300.0,299.67932
76.0,75.964905
268.0,266.58508
284.0,284.48367
196.00002,195.84624
276.0,276.5578
20.0,20.015167
148.0,147.6716
292.0,291.9468
116.0,115.71341
300.0,300.40094
84.0,83.93814
212.00002,212.09686
116.0,115.94064
180.0,180.17899
108.0,107.340576
20.0,19.580658
236.00002,235.00252
76.0,75.67355
116.0,115.94772
180.0,179.99579
148.0,147.90796
156.0,155.72131
60.0,58.80594
220.00002,220.27812
236.00002,236.08667
268.0,267.687
132.0,131.81989
252.0,253.76672
356.0,356.24832
324.0,324.2708
116.0,115.85263
36.0,35.340637
212.00002,211.96442
284.0,284.1999
132.0,132.29553
100.0,100.28473
116.0,115.9888
44.0,43.83307
260.0,259.99872
52.0,51.5459
252.0,252.01431
244.0,243.99146
260.0,259.32224
164.0,163.8659
348.0,347.7844
228.0,227.7876
60.0,59.444244
92.0,91.94623
36.0,35.434113
292.0,291.48938
108.0,107.98358
356.0,356.1624
44.0,43.37921
76.0,75.4762
12.0,12.316345
36.0,35.61847
348.0,347.92862
44.0,43.450073
212.00002,212.30823
36.0,35.473724
204.0,204.07565
188.00002,188.41212
188.00002,187.65497
356.0,356.16284
180.0,180.1507
308.0,308.3628
212.00002,212.2443
252.0,252.33644
324.0,324.31366
228.0,228.9931
140.0,140.10748
20.0,19.73938
180.0,180.02629
108.0,108.004425
180.0,180.03687
52.0,51.033264
68.0,67.5462
284.0,284.5692
188.00002,188.3523
76.0,76.19769
276.0,276.13068
260.0,260.34808
340.0,339.8362
244.0,243.48279
308.0,308.203
332.0,332.5493
284.0,284.1814
124.0,124.06113
124.0,123.83945
316.0,316.14236
116.0,115.23663
212.00002,211.98518
284.0,284.23615
316.0,316.28247
132.0,132.23071
212.00002,212.01283
76.0,76.20456
180.0,180.2283
132.0,132.05774
12.0,12.953003
260.0,259.80615
228.0,228.41493
180.0,179.34753
124.0,124.273895
228.0,227.76587
212.00002,212.33963
124.0,123.89618
244.0,243.32895
132.0,131.6666
188.00002,187.75638
132.0,132.49948
284.0,287.3423
300.0,300.45352
252.0,252.29875
268.0,268.60663
292.0,293.41058
164.0,163.203
204.0,204.61154
212.00002,212.4527
100.0,99.53769
252.0,255.99164
340.0,341.47217
60.0,59.65146
52.0,51.56839
204.0,201.65405
156.0,156.05981
60.0,62.84485
212.00002,214.88522
28.0,28.273254
92.0,92.04181
212.00002,212.05933
44.0,43.314484
244.0,243.77194
100.0,99.79407
252.0,251.60327
308.0,308.247
348.0,348.2072
260.0,260.25745
324.0,324.25845
100.0,99.71393
52.0,51.38867
268.0,268.02463
324.0,323.07626
260.0,260.33777
340.0,340.2765
108.0,108.23523
340.0,340.72705
20.0,19.274017
244.0,244.4013
204.0,204.76118
36.0,35.555237
276.0,276.05707
84.0,83.989624
172.0,172.15997
212.00002,212.0869
156.0,155.41992
132.0,131.79059
228.0,231.91348
20.0,19.37912
92.0,91.61099
284.0,283.65292
228.0,229.03152
236.00002,236.03601
164.0,163.8714
308.0,308.4048
332.0,332.5184
92.0,91.38797
300.0,300.399
188.00002,188.18094
132.0,132.06549
164.0,163.07019
284.0,283.97064
20.0,18.507416
76.0,71.20099
140.0,139.92993
308.0,308.36148
356.0,356.07193
348.0,348.2092
60.0,63.26703
60.0,58.577393
308.0,308.20056
20.0,19.874084
292.0,291.85065
300.0,300.1102
260.0,260.21448
220.00002,220.24466
76.0,76.243256
140.0,139.77502
228.0,228.33177
308.0,308.32834
20.0,20.3945
148.0,148.02258
268.0,269.13632
100.0,99.36615
268.0,268.055
180.0,180.15886
284.0,286.48804
356.0,356.09506
12.0,12.164551
356.0,356.4133
12.0,11.956299
20.0,19.947815
124.0,124.10266
140.0,140.00104
236.00002,235.54715
356.0,356.26297
340.0,340.1908
140.0,140.31009
164.0,163.20703
180.0,180.1935
300.0,297.49387
332.0,332.30933
212.00002,211.9962
252.0,249.98505
116.0,116.1293
236.00002,235.71034
180.0,179.9917
196.00002,196.2804
196.00002,196.02077
28.0,27.901825
124.0,124.57468
252.0,251.66193
220.00002,220.30675
28.0,27.910004
316.0,316.531
340.0,340.35236
108.0,108.154816
180.0,179.95825
148.0,147.94687
164.0,161.75299
68.0,67.64307
172.0,171.85004
132.0,131.59537
188.00002,188.1265
124.0,124.01672
244.0,243.90607
276.0,278.94263
260.0,256.88605
124.0,124.15146
180.0,179.93292
132.0,132.13391
260.0,260.45895
236.00002,236.29999
308.0,308.3075
124.0,123.81714
332.0,332.4132
332.0,332.48364
108.0,108.17111
340.0,340.13226
156.0,156.1286
244.0,244.52377
236.00002,234.39407
60.0,59.355743
260.0,259.22684
100.0,99.988525
324.0,324.32724
188.00002,188.25748
140.0,140.35742
148.0,147.90125
100.0,100.13745
100.0,100.10602
236.00002,235.37679
12.0,12.082642
172.0,172.30591
220.00002,220.41405
28.0,29.339417
60.0,59.210144
228.0,228.56584
244.0,247.05585
268.0,269.09528
300.0,300.4593
252.0,253.60135
4.0,5.058716
140.0,139.72131
244.0,244.36804
180.0,180.12622
268.0,268.09607
28.0,31.09256
324.0,324.30878
220.00002,219.95163
60.0,59.55768
260.0,259.90143
188.00002,188.53105
100.0,99.60693
276.0,275.92682
188.00002,188.16158
164.0,164.32495
132.0,131.71646
52.0,54.120605
308.0,308.6393
124.0,124.122375
92.0,91.91702
12.0,11.631622
204.0,204.61334
148.0,148.0581
156.0,156.47272
68.0,67.17206
324.0,324.2964
228.0,228.43156
236.00002,235.55368
36.0,36.44998
132.0,132.02646
236.00002,236.17639
220.00002,220.29593
316.0,316.247
188.00002,187.86105
308.0,308.0938
180.0,179.75482
220.00002,220.35515
268.0,268.51358
124.0,124.16043
180.0,179.96777
268.0,272.9203
276.0,276.888
244.0,243.41055
324.0,324.03085
316.0,316.46643
180.0,180.07913
164.0,164.18835
236.00002,236.57373
196.00002,196.06323
324.0,324.4262
292.0,291.17322
332.0,332.43994
316.0,316.30905
140.0,140.2442
324.0,320.69366
356.0,356.06314
180.0,180.17256
244.0,243.41003
28.0,27.597656
284.0,284.36127
4.0,4.2588806
324.0,323.99115
284.0,284.62335
76.0,75.83261
76.0,74.80911
308.0,308.30493
348.0,348.54413
252.0,251.81387
20.0,19.520264
348.0,348.23773
148.0,147.4014
20.0,19.995361
228.0,229.37863
180.0,179.6236
276.0,275.67365
148.0,149.08441
60.0,59.437805
132.0,131.63312
356.0,355.91595
44.0,42.804077
308.0,308.71985
68.0,64.034485
292.0,292.35513
132.0,132.55103
60.0,57.75058
92.0,91.857666
284.0,287.13226
60.0,58.256348
204.0,204.32611
4.0,4.400299
28.0,27.908142
52.0,52.906586
356.0,356.18127
44.0,44.028137
148.0,148.10931
4.0,4.200348
188.00002,188.37187
76.0,74.78989
300.0,300.23807
148.0,147.97281
108.0,105.8454
244.0,244.29187
164.0,164.26343
124.0,124.014465
356.0,355.97546
260.0,260.33588
188.00002,188.37527
284.0,287.48398
100.0,99.83838
124.0,124.44986
260.0,258.97223
156.0,155.85571
12.0,11.562439
68.0,67.512115
148.0,148.02502
132.0,131.59479
196.00002,196.44931
356.0,356.48584
172.0,172.2273
180.0,180.04097
132.0,131.93317
228.0,228.03944
4.0,4.6956787
12.0,12.156097
148.0,148.16782
4.0,3.9253845
148.0,148.02771
116.0,116.526245
84.0,85.31705
108.0,108.18643
220.00002,220.4317
140.0,140.22131
324.0,324.4909
268.0,268.28214
300.0,301.22766
124.0,123.74884
36.0,35.79126
180.0,180.08159
348.0,348.21042
292.0,292.17014
116.0,117.1626
172.0,171.66882
84.0,83.61948
188.00002,187.94044
188.00002,188.21928
116.0,115.68033
188.00002,188.42123
148.0,147.98828
84.0,84.04678
68.0,67.65372
60.0,50.186005
180.0,180.07777
4.0,4.131317
324.0,324.01917
36.0,35.52127
356.0,349.18536
100.0,99.899445
148.0,148.3075
116.0,116.07727
252.0,253.6913
180.0,179.92426
196.00002,196.23839
180.0,180.78885
44.0,44.104492
44.0,43.357758
172.0,172.13953
308.0,307.8378
228.0,228.99316
28.0,27.910522
340.0,341.3887
292.0,291.67563
140.0,140.14435
300.0,299.84534
116.0,115.918274
180.0,180.09067
340.0,338.92615
268.0,266.8067
300.0,300.4181
84.0,83.28421
140.0,140.00232
4.0,4.0515137
180.0,180.0404
188.00002,188.25055
308.0,308.35223
228.0,228.22427
348.0,349.5142
52.0,51.423645
332.0,332.382
92.0,91.88757
292.0,292.07812
332.0,331.47977
140.0,139.98965
76.0,74.468445
28.0,27.655334
204.0,204.00114
100.0,100.09244
324.0,324.28403
180.0,180.2827
300.0,300.50122
76.0,76.79828
276.0,275.82092
84.0,86.45538
252.0,253.69414
356.0,356.27124
124.0,124.41901
44.0,41.95508
52.0,51.187866
156.0,156.33514
132.0,132.00443
300.0,300.17926
44.0,44.117737
36.0,35.635468
148.0,148.11322
108.0,106.90338
212.00002,212.46931
124.0,123.48633
324.0,323.60486
68.0,68.51834
92.0,91.87109
212.00002,212.47408
340.0,340.40308
132.0,131.80533
236.00002,236.14198
116.0,116.24271
12.0,11.661041
332.0,331.99136
164.0,163.73718
68.0,68.52176
308.0,308.01483
260.0,260.6853
340.0,340.40567
116.0,116.35254
148.0,147.64822
268.0,269.18463
132.0,131.7521
228.0,228.0664
204.0,203.94221
276.0,276.21472
100.0,99.84683
60.0,60.36206
164.0,163.82031
268.0,268.23938
268.0,267.93677
164.0,164.0664
228.0,228.05002
244.0,244.08873
100.0,100.01996
268.0,270.4647
52.0,50.659485
252.0,251.6258
292.0,292.04504
204.0,204.05246
220.00002,220.24075
76.0,76.63364
276.0,276.2813
172.0,172.33179
140.0,139.5842
172.0,172.42645
220.00002,220.12048
260.0,259.76495
28.0,27.707367
356.0,356.10202
324.0,324.33426
340.0,340.18146
196.00002,195.88087
44.0,53.32788
220.00002,220.07632
204.0,204.36792
180.0,180.13939
180.0,179.98395
308.0,307.76056
20.0,16.252808
324.0,326.1938
124.0,123.40866
204.0,203.93724
204.0,203.98721
4.0,4.0225525
260.0,260.11444
236.00002,235.71286
348.0,348.13263
148.0,147.94403
268.0,268.0938
116.0,116.45203
180.0,179.5982
124.0,123.8981
244.0,244.00626
108.0,107.79364
212.00002,212.28354
84.0,83.57065
12.0,12.22702
4.0,4.2099304
180.0,179.84003
4.0,4.9384766
212.00002,212.11508
52.0,51.194366
60.0,59.346222
164.0,163.76044
204.0,204.16736
180.0,179.9685
172.0,172.32745
340.0,340.12012
268.0,267.9413
244.0,244.33014
76.0,75.93829
180.0,180.13086
180.0,180.27501
244.0,243.21596
148.0,148.14386
36.0,35.768433
308.0,310.92715
324.0,324.26266
212.00002,212.21812
196.00002,196.20486
20.0,20.224884
164.0,164.00146
284.0,284.10895
348.0,348.29883
340.0,340.266
4.0,3.8964539
252.0,252.11888
68.0,58.52011
68.0,67.68158
12.0,11.794159
76.0,76.26727
100.0,100.06799
252.0,246.60583
356.0,356.0082
36.0,35.663116
340.0,340.3396
108.0,108.09189
188.00002,188.02942
348.0,348.31326
108.0,109.081635
12.0,11.944244
268.0,270.51984
348.0,348.16653
52.0,49.969604
92.0,91.60477
268.0,267.96005
220.00002,220.0462
20.0,19.224213
92.0,91.4426
84.0,85.117035
220.00002,220.08885
268.0,269.41214
356.0,357.30927
36.0,35.56122
316.0,316.7231
348.0,346.50418
164.0,164.04132
180.0,180.17508
236.00002,235.5359
196.00002,196.30362
164.0,164.31885
308.0,308.12396
164.0,164.10187
260.0,259.39362
292.0,292.3515
140.0,140.2157
20.0,19.756805
260.0,259.8567
172.0,172.1925
100.0,100.050385
140.0,140.05493
100.0,100.771454
212.00002,211.99756
172.0,172.32349
292.0,291.71536
180.0,180.10326
4.0,4.2076416
204.0,204.17761
260.0,260.03094
180.0,180.1344
316.0,316.33517
52.0,51.122498
252.0,251.94022
252.0,250.76587
92.0,92.002686
236.00002,235.72078
180.0,180.39311
60.0,60.101715
236.00002,236.0027
332.0,332.32758
12.0,12.126007
180.0,180.39967
196.00002,196.21606
60.0,59.29959
244.0,248.4054
340.0,340.14792
292.0,292.3603
4.0,6.5664673
20.0,19.72638
20.0,20.154755
236.00002,237.04886
76.0,75.31601
236.00002,236.34604
140.0,138.79984
28.0,27.858765
100.0,99.71863
92.0,91.870636
212.00002,212.19872
300.0,300.09656
60.0,58.96869
292.0,292.24637
300.0,301.21414
188.00002,188.5689
308.0,308.1336
132.0,131.86853
292.0,292.06754
204.0,204.04619
180.0,179.90851
308.0,308.11423
20.0,19.908203
100.0,99.21954
4.0,4.117035
276.0,275.93558
332.0,332.2828
172.0,172.16608
180.0,179.93292
12.0,11.889923
316.0,316.35678
180.0,179.97528
324.0,324.38785
244.0,245.07687
356.0,355.61758
196.00002,196.22377
260.0,260.26584
44.0,43.421356
28.0,27.783417
180.0,180.19112
276.0,276.07455
60.0,59.9787
244.0,244.70209
236.00002,235.6274
60.0,59.73047
260.0,259.5661
308.0,308.41052
276.0,276.02985
148.0,147.89697
148.0,148.34995
324.0,324.129
196.00002,196.22995
148.0,147.84555
52.0,51.012146
116.0,115.83038
236.00002,238.3714
356.0,356.02145
68.0,67.419464
268.0,268.6114
340.0,340.25153
68.0,66.56702
52.0,50.34369
28.0,27.105194
188.00002,188.3293
140.0,139.91846
236.00002,235.5975
252.0,250.17935
308.0,308.19745
316.0,316.2085
60.0,59.575867
220.00002,219.19635
180.0,180.14786
60.0,58.924927
292.0,292.03186
204.0,204.01093
348.0,348.25037
100.0,99.11948
108.0,108.13406
300.0,299.8756
308.0,308.4308
268.0,268.8076
148.0,148.08667
300.0,300.05624
76.0,75.90689
332.0,332.32
4.0,3.925232
236.00002,237.98825
268.0,268.18005
36.0,35.473907
68.0,67.64688
140.0,139.38312
292.0,292.21255
276.0,276.19586
60.0,59.83542
60.0,59.420013
124.0,123.82184
236.00002,236.36337
116.0,115.97458
4.0,4.0287476
124.0,123.99609
236.00002,236.80176
348.0,348.28497
164.0,164.31732
332.0,332.28555
12.0,11.993378
20.0,19.951416
116.0,116.00568
132.0,132.06781
212.00002,211.9831
188.00002,188.16133
204.0,203.97812
148.0,148.07858
20.0,18.041626
180.0,179.97131
4.0,3.9035645
292.0,292.99622
260.0,260.64383
100.0,99.53699
36.0,35.919037
324.0,324.27042
180.0,180.01547
316.0,316.37106
52.0,51.241028
180.0,180.09013
276.0,276.27795
316.0,316.46503
308.0,308.40906
132.0,131.84152
188.00002,187.93149
116.0,115.583984
52.0,51.506897
284.0,283.80826
348.0,347.22333
324.0,325.02655
292.0,292.18622
68.0,65.82526
140.0,139.80438
220.00002,219.06084
340.0,340.14108
228.0,228.27948
76.0,76.03992
244.0,243.17068
172.0,172.09583
308.0,308.3619
220.00002,220.33398
236.00002,235.92126
268.0,267.8352
324.0,324.66382
28.0,27.411407
108.0,107.78967
148.0,148.07788
260.0,260.30118
116.0,116.15588
100.0,99.86679
84.0,83.1532
36.0,35.202026
60.0,59.773773
180.0,179.88513
44.0,43.55487
292.0,292.15607
92.0,91.80551
132.0,132.2138
20.0,19.444946
220.00002,220.14864
188.00002,188.02849
36.0,35.063293
220.00002,220.89693
204.0,204.36958
188.00002,188.07983
196.00002,195.7752
52.0,51.47409
180.0,179.98682
260.0,260.09506
340.0,340.44107
332.0,332.2791
220.00002,220.19478
4.0,4.461151
324.0,324.58163
204.0,201.40941
324.0,324.30954
52.0,51.26956
204.0,204.23274
156.0,155.9668
172.0,170.90234
356.0,356.14615
36.0,35.282257
356.0,355.8765
12.0,11.916748
92.0,90.25845
244.0,244.0615
60.0,59.40509
180.0,180.85828
348.0,348.1799
252.0,251.34595
196.00002,196.10112
356.0,355.99985
260.0,259.71344
148.0,147.67633
108.0,108.102936
268.0,267.20148
332.0,332.15295
156.0,156.18835
12.0,11.843567
324.0,323.54306
92.0,90.951355
292.0,291.8457
100.0,99.95441
156.0,155.83118
12.0,14.320831
260.0,260.21973
52.0,52.11255
124.0,123.58954
260.0,256.59323
76.0,75.18088
76.0,75.548706
60.0,52.479767
140.0,140.00604
332.0,332.82443
348.0,348.03784
52.0,51.953094
52.0,50.91577
188.00002,187.98334
84.0,84.12497
316.0,316.33188
196.00002,196.30249
52.0,51.507385
68.0,66.19879
196.00002,195.83932
12.0,11.978638
4.0,4.1011047
260.0,259.7958
268.0,268.41833
180.0,180.26793
196.00002,196.22496
228.0,227.77843
300.0,300.35724
292.0,292.56445
196.00002,196.40894
180.0,180.19115
68.0,67.67291
180.0,180.3775
324.0,324.28162
132.0,131.89517
124.0,124.33362
4.0,3.856659
244.0,244.12607
140.0,140.03546
172.0,172.16882
44.0,43.154236
236.00002,236.22818
316.0,318.18616
356.0,356.22064
28.0,27.550476
164.0,164.23676
148.0,147.79175
108.0,108.05713
60.0,57.24933
284.0,284.4154
348.0,348.30145
180.0,179.81549
244.0,244.06334
268.0,268.43134
164.0,164.25824
76.0,75.46384
108.0,108.16882
172.0,172.10583
84.0,84.2135
252.0,251.86598
180.0,180.07855
140.0,139.52893
172.0,172.10962
244.0,244.2312
148.0,147.8498
164.0,163.69061
340.0,340.535
340.0,340.3316
252.0,252.02829
140.0,140.25806
348.0,348.14362
148.0,147.85953
324.0,324.36768
44.0,43.7435
188.00002,188.34944
124.0,124.147644
68.0,67.81833
20.0,19.878174
20.0,18.992981
212.00002,212.09825
132.0,132.13098
228.0,227.59317
308.0,308.20657
260.0,261.1204
92.0,92.14746
28.0,26.387299
156.0,155.60687
52.0,51.486145
76.0,75.33371
84.0,78.789856
236.00002,236.66594
164.0,164.27948
156.0,156.3294
52.0,51.585693
268.0,268.13373
252.0,252.79845
204.0,203.82101
284.0,284.50165
340.0,340.4393
228.0,228.23921
260.0,260.48047
188.00002,188.12424
44.0,43.556183
244.0,244.86813
300.0,300.19858
316.0,316.4789
76.0,76.22943
196.00002,196.03633
164.0,163.65765
196.00002,196.06195
188.00002,188.333
300.0,301.65012
124.0,123.63309
252.0,252.30487
92.0,91.693756
316.0,316.46973
340.0,340.92938
156.0,156.2655
140.0,139.99872
244.0,243.89624
252.0,251.02081
100.0,99.8233
332.0,332.4246
244.0,244.52779
148.0,147.9508
324.0,324.29535
148.0,147.28802
284.0,284.00165
108.0,108.03232
172.0,171.98315
276.0,276.83456
324.0,325.26825
60.0,58.693512
292.0,292.22522
116.0,116.01819
28.0,28.087738
260.0,261.51697
236.00002,236.01443
28.0,27.614136
308.0,308.15286
332.0,332.2158
284.0,284.10147
84.0,83.61664
244.0,243.52908
348.0,348.41055
356.0,355.9355
12.0,12.348206
316.0,315.94543
68.0,68.50162
212.00002,212.1333
268.0,267.84082
156.0,156.14441
340.0,340.5261
180.0,180.1128
180.0,180.11662
260.0,260.6312
164.0,163.80115
84.0,83.45172
236.00002,235.53088
268.0,268.137
276.0,276.487
36.0,35.05609
300.0,300.19174
340.0,340.3186
300.0,300.02856
348.0,348.5556
292.0,291.7834
188.00002,188.21315
196.00002,196.5477
76.0,76.299225
300.0,300.03113
196.00002,196.56502
60.0,56.5849
44.0,43.30484
316.0,316.35236
332.0,332.2808
84.0,83.851135
92.0,91.99478
180.0,179.84857
140.0,139.94354
244.0,244.11024
68.0,67.52771
180.0,180.22487
140.0,140.11487
348.0,348.26956
340.0,340.3398
92.0,92.213135
124.0,123.8927
188.00002,188.46869
164.0,164.05286
180.0,179.60309
316.0,316.37982
268.0,269.8017
124.0,124.026855
204.0,203.85521
332.0,331.98154
300.0,300.50708
156.0,155.79419
172.0,172.22003
36.0,35.454926
220.00002,220.55823
124.0,124.14755
68.0,67.48166
244.0,243.67892
164.0,164.15186
268.0,269.27512
212.00002,211.9908
4.0,4.7461853
244.0,243.73645
140.0,140.22296
180.0,180.0482
164.0,164.22974
260.0,259.8969
324.0,324.3105
316.0,316.65594
36.0,37.267426
20.0,19.815979
124.0,123.96155
276.0,277.19818
188.00002,187.89507
108.0,107.55588
108.0,109.47916
196.00002,196.26291
76.0,76.29889
60.0,59.68451
132.0,131.52997
12.0,11.713104
44.0,43.464386
252.0,251.59435
292.0,293.74725
52.0,51.638885
196.00002,196.14705
148.0,148.2666
300.0,301.23502
12.0,12.126465
260.0,258.3258
180.0,179.93011
220.00002,220.70389
276.0,276.14267
60.0,58.467773
156.0,156.29822
28.0,27.99472
124.0,123.6344
292.0,291.8153
260.0,260.33636
340.0,340.24646
4.0,2.7084656
340.0,339.57684
36.0,34.289215
292.0,292.1222
20.0,20.070648
212.00002,212.17682
308.0,311.7112
196.00002,196.33336
220.00002,220.1981
164.0,163.32587
356.0,356.20435
172.0,172.31183
340.0,339.8051
180.0,180.1576
244.0,244.17258
276.0,275.79413
244.0,242.97585
340.0,340.13675
284.0,284.6256
308.0,308.94403
276.0,276.3785
44.0,43.44702
324.0,324.38306
324.0,324.37802
276.0,276.5951
236.00002,235.8895
180.0,180.20122
172.0,172.31152
172.0,172.22552
252.0,251.818
20.0,20.401154
180.0,179.99689
116.0,116.11975
180.0,180.10823
132.0,132.02191
164.0,163.84253
76.0,76.22241
260.0,255.57666
292.0,291.9912
300.0,300.10852
156.0,155.76501
268.0,268.44858
228.0,228.15002
148.0,148.05896
92.0,91.66412
172.0,171.56763
300.0,299.99524
100.0,99.71533
60.0,59.982758
228.0,227.28752
244.0,243.97296
244.0,244.97833
172.0,172.24792
92.0,91.6629
108.0,107.97223
52.0,51.05652
156.0,156.05841
132.0,131.93832
228.0,223.20522
180.0,179.92542
196.00002,196.26176
292.0,292.10223
36.0,35.653717
316.0,316.44998
316.0,316.39337
28.0,26.52359
316.0,315.76297
124.0,124.26361
228.0,227.94585
300.0,299.83514
300.0,300.1464
156.0,156.00708
60.0,59.193665
124.0,125.75284
348.0,348.04346
212.00002,212.63722
132.0,132.11765
236.00002,232.42627
180.0,180.21082
76.0,75.63583
124.0,124.05078
164.0,164.3136
260.0,260.45874
140.0,140.12842
180.0,180.03012
316.0,316.05457
340.0,340.46616
356.0,356.17212
356.0,356.49503
28.0,27.859497
92.0,90.97577
172.0,172.12518
300.0,300.4053
236.00002,235.83615
292.0,293.66824
76.0,75.76776
52.0,50.13034
180.0,180.13347
252.0,251.9691
188.00002,188.00085
268.0,267.99585
276.0,276.33438
108.0,108.10712
100.0,99.401184
12.0,11.752777
308.0,309.67926
356.0,356.0913
204.0,204.00401
212.00002,212.38712
156.0,156.2555
348.0,348.35364
196.00002,196.48373
148.0,148.20016
148.0,147.95807
188.00002,188.26431
108.0,107.38263
44.0,43.53653
100.0,99.47131
20.0,19.50116
156.0,156.17969
148.0,148.20636
348.0,348.2927
284.0,284.13275
196.00002,196.53188
116.0,116.09827
60.0,59.426086
28.0,27.722015
276.0,277.43564
84.0,82.53787
60.0,58.36548
348.0,348.33496
100.0,99.65103
236.00002,236.33911
172.0,171.83441
204.0,204.24689
116.0,116.15259
300.0,300.2058
204.0,204.23866
92.0,91.50296
44.0,43.120514
116.0,115.93442
180.0,180.0
68.0,67.61624
284.0,283.87695
284.0,284.2917
28.0,28.01358
284.0,283.938
36.0,35.524353
196.00002,196.27353
164.0,164.22949
332.0,331.8972
156.0,155.78613
52.0,51.643127
12.0,12.27594
252.0,252.0516
140.0,139.67395
316.0,317.71976
124.0,123.95178
268.0,268.34406
268.0,268.23816
36.0,35.697754
140.0,139.92935
188.00002,188.20206
100.0,99.849335
212.00002,212.32425
108.0,108.11334
324.0,323.52698
20.0,19.76889
204.0,204.14258
132.0,132.09619
180.0,180.25752
52.0,50.808197
76.0,78.66522
268.0,268.2002
316.0,316.23428
124.0,123.90198
340.0,340.2634
164.0,164.33533
148.0,148.04242
300.0,300.26065
268.0,268.14893
252.0,254.49512
172.0,172.27692
260.0,260.1134
260.0,259.43884
92.0,91.78775
228.0,228.08098
20.0,20.15274
156.0,156.37024
212.00002,212.29152
196.00002,195.91638
116.0,115.918274
324.0,324.2719
92.0,91.778625
348.0,347.8497
180.0,180.21973
28.0,27.756378
244.0,243.30463
196.00002,196.01039
196.00002,196.19395
84.0,84.12546
116.0,115.97595
172.0,172.02814
84.0,84.02951
348.0,348.08496
348.0,347.86685
284.0,284.02777
124.0,124.036865
356.0,355.5225
140.0,138.91437
140.0,140.047
340.0,341.6335
116.0,115.983826
76.0,74.94333
220.00002,219.83469
196.00002,196.41228
124.0,123.74695
196.00002,196.35736
212.00002,212.38643
132.0,131.85043
156.0,155.7533
252.0,251.62622
132.0,131.71643
260.0,259.74258
180.0,180.30104
60.0,59.87805
140.0,139.73172
332.0,332.43994
84.0,84.83298
20.0,20.295471
228.0,227.61247
172.0,172.4682
276.0,274.50104
284.0,284.7757
92.0,87.8277
300.0,299.91287
284.0,283.90674
260.0,259.76788
84.0,83.32788
28.0,27.524017
12.0,12.064056
204.0,204.4401
28.0,27.579102
180.0,180.11346
84.0,83.47919
252.0,251.39749
20.0,19.597992
76.0,76.87198
284.0,284.38535
108.0,108.13934
316.0,316.3929
356.0,356.33234
204.0,204.2818
204.0,203.84975
324.0,324.65036
92.0,91.36221
84.0,83.324554
220.00002,220.21614
348.0,348.46686
188.00002,187.90924
316.0,317.41016
220.00002,220.45937
180.0,180.19717
284.0,284.25256
92.0,92.005585
356.0,356.02457
108.0,108.11514
292.0,292.29825
252.0,252.39668
180.0,179.97784
156.0,156.64288
348.0,348.11548
244.0,246.1808
132.0,131.68784
116.0,115.41443
68.0,65.73663
260.0,260.1939
116.0,116.11438
100.0,99.86191
76.0,75.583496
220.00002,219.57867
284.0,284.0442
276.0,275.85413
332.0,333.73428
324.0,324.23383
148.0,148.29205
292.0,291.83923
300.0,300.03668
180.0,179.9707
284.0,283.80368
356.0,356.20895
284.0,283.90115
84.0,84.204346
196.00002,203.6422
44.0,43.023376
180.0,180.03322
4.0,3.8471985
324.0,324.36908
52.0,51.59912
340.0,340.235
132.0,132.07056
340.0,340.23947
108.0,107.79761
12.0,13.04364
108.0,105.88092
220.00002,220.237
148.0,148.19653
180.0,179.97992
84.0,83.309814
308.0,307.92926
156.0,155.51434
116.0,115.83783
244.0,243.88216
204.0,203.82721
44.0,43.2041
44.0,42.455017
252.0,252.12799
284.0,284.39813
220.00002,217.25922
292.0,291.98718
300.0,300.0499
108.0,107.94858
156.0,156.2273
252.0,250.90173
260.0,259.86066
156.0,156.18433
356.0,356.0492
156.0,155.97614
124.0,123.597595
156.0,156.25037
20.0,19.836365
156.0,156.00647
76.0,75.85733
12.0,11.883728
92.0,91.737305
316.0,316.26233
356.0,355.6108
292.0,291.99652
52.0,49.56012
84.0,83.43121
156.0,155.92493
292.0,291.9538
44.0,44.19644
140.0,139.76349
196.00002,196.30435
348.0,348.0467
28.0,27.571136
308.0,308.7056
68.0,68.19711
108.0,107.99512
284.0,285.3809
228.0,228.36673
204.0,204.61276
164.0,164.10577
236.00002,235.3626
180.0,179.99036
308.0,308.3001
4.0,5.990387
212.00002,211.2684
12.0,12.292633
68.0,67.41617
148.0,148.04694
52.0,55.86908
36.0,36.486298
164.0,163.87158
276.0,275.95578
84.0,83.911194
268.0,268.40582
340.0,342.02625
324.0,324.27026
36.0,35.805603
60.0,59.612305
36.0,34.45401
60.0,60.17926
340.0,340.3138
180.0,180.01906
164.0,163.88593
172.0,172.21613
268.0,269.41116
180.0,180.1524
244.0,244.13951
356.0,355.92017
156.0,156.07642
28.0,27.246552
156.0,156.17035
116.0,116.03668
92.0,92.80383
60.0,59.554443
324.0,324.37155
140.0,139.9884
148.0,147.9148
76.0,75.88446
76.0,75.33542
148.0,148.32294
204.0,266.8238
28.0,28.447937
180.0,180.02148
140.0,139.98163
100.0,98.019714
92.0,91.66818
268.0,268.1933
84.0,84.714355
228.0,226.25658
108.0,107.601685
52.0,51.861786
236.00002,237.32394
68.0,67.63797
188.00002,188.55496
316.0,315.98743
228.0,228.4298
268.0,268.93658
140.0,140.0426
76.0,74.29303
300.0,300.08612
276.0,275.37518
276.0,276.62466
212.00002,212.14156
156.0,156.28912
84.0,83.68524
356.0,355.9386
268.0,267.02127
212.00002,211.99002
180.0,180.05304
348.0,347.92358
204.0,204.13832
68.0,67.28473
324.0,325.0891
180.0,180.08858
36.0,35.159363
108.0,107.676025
124.0,124.079834
356.0,356.36578
308.0,308.36832
60.0,59.28412
36.0,35.82956
28.0,27.743866
76.0,77.32355
276.0,277.3552
316.0,316.25006
148.0,147.85596
36.0,36.98465
308.0,310.6789
124.0,123.75546
252.0,251.89447
236.00002,233.90463
36.0,35.38446
60.0,59.989227
180.0,180.01309
316.0,316.08273
292.0,292.19458
228.0,228.90546
132.0,131.91885
4.0,4.0010376
132.0,131.77939
156.0,155.97925
180.0,180.88725
4.0,6.4293823
356.0,356.0566
12.0,12.036591
116.0,116.16229
260.0,260.35635
348.0,348.20013
156.0,155.52106
316.0,316.17227
292.0,291.9847
324.0,324.36243
44.0,45.878326
84.0,82.8591
92.0,93.54797
52.0,51.66632
236.00002,236.19202
60.0,60.514862
100.0,99.80725
44.0,43.619873
140.0,139.94565
60.0,59.826843
148.0,147.8346
28.0,27.746552
156.0,156.0733
220.00002,220.36102
340.0,340.31122
260.0,260.0838
148.0,148.11761
332.0,332.34506
332.0,332.35907
68.0,67.7612
20.0,19.95169
44.0,43.488647
340.0,342.2969
100.0,99.833466
340.0,339.4655
140.0,140.13379
212.00002,212.03363
116.0,115.931
268.0,268.0343
92.0,91.57727
132.0,131.62042
268.0,268.5117
52.0,51.34378
276.0,276.64453
140.0,140.01385
284.0,284.29532
4.0,3.9120789
236.00002,236.05022
308.0,307.49878
116.0,116.25235
276.0,276.323
236.00002,236.27785
28.0,27.897308
220.00002,220.31657
68.0,67.93509
12.0,12.122253
4.0,3.6355896
180.0,179.80225
20.0,17.681824
60.0,59.90335
172.0,173.08429
204.0,203.9772
292.0,292.24054
164.0,164.00024
284.0,284.0916
172.0,172.00604
276.0,276.12238
180.0,180.10626
132.0,131.95105
348.0,348.27066
124.0,124.02423
348.0,348.31998
332.0,332.01782
348.0,348.2697
188.00002,188.00613
180.0,179.9815
68.0,67.778076
68.0,67.60379
316.0,315.96866
284.0,284.107
52.0,51.694244
348.0,348.2154
180.0,180.22325
316.0,317.9244
188.00002,188.3249
340.0,340.31223
52.0,50.91501
76.0,77.31195
52.0,51.414856
252.0,252.08124
92.0,91.863495
268.0,268.01608
228.0,228.08252
204.0,205.70996
148.0,147.60333
324.0,324.41663
84.0,83.40436
196.00002,196.31508
20.0,17.96463
332.0,332.25018
52.0,50.895203
324.0,324.53348
108.0,107.96069
100.0,99.85144
340.0,339.43683
244.0,244.47395
68.0,68.14792
220.00002,220.35689
268.0,268.98358
316.0,316.13132
60.0,58.599945
44.0,43.65036
180.0,180.04282
156.0,156.11035
316.0,315.78818
84.0,83.81979
252.0,251.84082
20.0,20.039001
244.0,244.20367
148.0,148.31277
28.0,27.553955
44.0,43.31128
100.0,99.81064
332.0,332.3784
212.00002,213.44705
332.0,332.2417
348.0,348.0597
76.0,75.917725
212.00002,212.24777
284.0,284.49554
228.0,229.27887
252.0,251.74152
212.00002,212.2371
100.0,99.9798
60.0,59.724365
132.0,132.07477
108.0,108.212585
332.0,332.09393
68.0,66.80377
172.0,172.35461
220.00002,220.38531
4.0,4.1559143
268.0,268.0549
324.0,323.4244
84.0,83.273834
132.0,131.9906
332.0,332.37372
204.0,204.26413
68.0,68.457855
124.0,123.67117
12.0,11.931824
12.0,11.998199
172.0,172.05188
84.0,83.0152
260.0,259.62366
292.0,291.95737
156.0,155.29346
276.0,276.23413
308.0,308.14392
348.0,348.40518
236.00002,236.64175
284.0,283.8452
292.0,292.1381
44.0,43.4422
164.0,164.21716
236.00002,235.59375
252.0,253.7137
108.0,106.7009
180.0,180.25989
244.0,245.25803
140.0,139.9523
236.00002,236.72728
244.0,246.8951
204.0,204.10294
76.0,75.64908
252.0,250.85739
228.0,227.65233
228.0,228.4283
204.0,204.24796
180.0,180.17928
52.0,51.345795
212.00002,212.5265
340.0,340.34497
180.0,180.53484
68.0,67.7973
100.0,98.79953
196.00002,195.90916
308.0,308.28793
332.0,332.30115
268.0,268.87167
188.00002,188.38646
220.00002,220.20879
332.0,332.33087
196.00002,196.14641
284.0,285.0394
228.0,227.74011
324.0,324.19968
348.0,347.91873
4.0,4.961151
308.0,308.3374
356.0,356.12155
252.0,251.4526
148.0,148.31268
132.0,131.95349
316.0,316.42303
292.0,291.8918
124.0,123.78226
180.0,180.00018
204.0,205.47195
180.0,180.11682
228.0,228.19617
76.0,76.331696
244.0,243.96046
228.0,227.77217
148.0,148.06232
108.0,107.81372
196.00002,196.29388
244.0,244.13202
60.0,59.63333
276.0,276.00674
204.0,204.06697
4.0,4.0388794
308.0,308.1808
300.0,300.18466
324.0,324.41537
36.0,36.210663
172.0,171.95697
20.0,19.807892
284.0,284.0187
140.0,140.04282
76.0,75.76926
228.0,228.13647
68.0,67.58673
84.0,87.42349
156.0,155.62976
108.0,107.794525
172.0,172.27795
148.0,148.3714
36.0,35.653015
156.0,155.87903
156.0,156.29633
60.0,52.298676
236.00002,236.03763
284.0,283.97644
228.0,228.43033
60.0,59.295044
356.0,356.19223
92.0,92.09686
324.0,324.26636
228.0,228.16454
244.0,244.97241
172.0,172.07599
84.0,84.586975
340.0,340.73126
356.0,356.1775
276.0,277.25134
220.00002,220.13832
28.0,27.546356
28.0,27.822998
276.0,276.03513
300.0,300.93436
92.0,91.8002
44.0,43.184265
196.00002,196.14883
84.0,82.21588
268.0,267.93195
28.0,27.578308
12.0,11.980988
300.0,300.15073
92.0,92.12851
84.0,83.90274
188.00002,188.22939
108.0,107.84363
180.0,180.16527
148.0,148.20197
100.0,100.17792
156.0,155.71301
284.0,284.04474
324.0,324.24426
348.0,348.29236
164.0,164.17004
140.0,140.10153
340.0,340.30713
196.00002,196.32613
212.00002,212.35025
348.0,348.31784
196.00002,196.22691
164.0,164.08331
44.0,43.934082
204.0,203.94888
156.0,156.0199
180.0,180.24437
180.0,180.57571
12.0,11.918915
268.0,268.3012
108.0,108.06195
220.00002,219.85506
284.0,284.32812
92.0,91.85547
92.0,92.019775
180.0,180.0853
172.0,172.25854
60.0,59.229797
36.0,35.64627
180.0,180.22136
132.0,132.18329
28.0,27.63086
196.00002,196.12791
4.0,4.080017
172.0,172.19531
132.0,131.80188
116.0,116.04117
196.00002,196.265
212.00002,212.19585
124.0,124.01123
92.0,91.578766
292.0,292.04318
228.0,228.02292
172.0,172.14337
84.0,84.06885
180.0,180.32547
308.0,308.14618
204.0,204.51048
4.0,4.444092
300.0,300.26364
188.00002,188.01411
204.0,204.32405
188.00002,188.29686
124.0,124.147
76.0,75.600525
4.0,3.181244
196.00002,196.19592
4.0,3.874939
356.0,356.0378
4.0,4.032898
348.0,348.26566
244.0,244.22
108.0,107.67584
124.0,123.57373
116.0,116.017
244.0,243.87361
268.0,268.06665
188.00002,188.35312
252.0,258.8506
276.0,276.27747
116.0,115.47058
124.0,123.86859
164.0,164.16559
204.0,204.5433
180.0,179.97095
316.0,316.36533
44.0,42.863464
132.0,131.9686
260.0,260.1317
244.0,245.85645
108.0,107.88843
244.0,244.02115
156.0,155.99701
284.0,285.79956
316.0,317.4279
20.0,19.771454
108.0,111.33725
108.0,108.085236
188.00002,188.21045
340.0,340.38354
340.0,340.36118
252.0,249.43164
76.0,75.710144
52.0,49.49591
36.0,35.724884
332.0,332.47382
284.0,285.3867
84.0,84.38068
12.0,11.805969
164.0,164.03186
52.0,50.979218
300.0,300.18744
340.0,340.14774
164.0,163.8421
212.00002,212.33775
260.0,263.00983
284.0,284.15573
60.0,59.03421
356.0,355.98575
236.00002,234.14879
108.0,107.90796
108.0,107.06287
316.0,316.34378
316.0,316.3461
268.0,269.39304
84.0,83.58435
68.0,68.784485
12.0,12.415161
252.0,245.66039
12.0,11.843536
260.0,260.0122
348.0,348.3173
180.0,180.39488
20.0,19.939331
116.0,115.726715
268.0,268.3327
252.0,252.14166
236.00002,238.21991
284.0,284.38947
316.0,316.47705
52.0,51.403442
340.0,340.29663
36.0,35.406036
36.0,35.336975
44.0,43.57086
84.0,83.67844
260.0,263.95203
196.00002,196.33154
220.00002,219.9335
356.0,356.50156
60.0,59.81308
28.0,27.669708
340.0,340.47473
276.0,276.4008
124.0,124.0249
260.0,261.9776
244.0,244.20432
76.0,75.38754
236.00002,235.92703
84.0,84.07132
236.00002,236.11703
180.0,180.01562
260.0,260.2659
172.0,172.07812
156.0,155.90479
316.0,316.28763
276.0,275.8505
92.0,92.057465
228.0,225.62622
156.0,156.24493
68.0,66.197296
316.0,316.47968
188.00002,188.095
252.0,251.93971
236.00002,236.36612
180.0,180.14941
28.0,27.796326
180.0,180.07083
20.0,20.170868
28.0,27.590515
228.0,228.40274
228.0,228.02736
332.0,332.2641
52.0,51.362305
140.0,140.25519
60.0,60.096436
116.0,116.17789
60.0,58.041992
340.0,340.24365
132.0,132.27484
12.0,11.960724
212.00002,212.37021
236.00002,236.33118
348.0,348.3565
332.0,332.1445
260.0,266.21027
132.0,132.14142
52.0,51.56433
44.0,43.462982
100.0,98.32709
148.0,148.03357
12.0,11.81189
132.0,131.37805
268.0,269.54877
340.0,340.39252
4.0,4.059967
60.0,59.813843
332.0,334.83444
188.00002,188.00742
156.0,155.77942
316.0,316.1772
12.0,11.906799
260.0,262.5701
252.0,252.77188
196.00002,195.89436
260.0,259.57602
308.0,308.27155
292.0,292.59338
212.00002,212.12708
300.0,300.0932
292.0,292.1861
188.00002,187.83336
220.00002,220.04694
164.0,163.76385
276.0,278.13446
260.0,260.18225
180.0,180.06076
324.0,324.33713
132.0,132.13916
220.00002,220.08607
188.00002,188.1469
12.0,12.125305
140.0,140.00418
276.0,276.78625
68.0,67.77478
140.0,139.96463
196.00002,196.15979
276.0,276.07172
148.0,148.11157
228.0,228.10384
212.00002,212.64769
172.0,172.0282
108.0,108.13919
60.0,60.892426
68.0,67.713715
236.00002,235.24454
124.0,123.87332
252.0,252.04192
244.0,244.14679
268.0,267.9637
28.0,32.720245
68.0,65.262146
356.0,356.13632
116.0,115.17749
332.0,332.35117
60.0,56.480682
132.0,134.07837
188.00002,188.50928
68.0,68.04419
212.00002,212.14784
276.0,276.3378
92.0,91.96622
324.0,324.40057
300.0,301.02618
348.0,345.17465
204.0,204.44106
284.0,284.52505
356.0,356.32397
68.0,67.03
116.0,116.03113
172.0,172.18695
164.0,164.1413
28.0,27.692474
260.0,260.39346
268.0,268.11145
100.0,99.96683
172.0,172.27942
92.0,91.969696
44.0,43.482697
148.0,148.23035
180.0,180.21214
68.0,72.32712
156.0,155.7074
44.0,43.723694
20.0,19.89917
260.0,259.61166
164.0,164.00244
324.0,324.25183
76.0,75.68097
292.0,292.49487
100.0,100.36948
180.0,180.16068
52.0,51.19565
244.0,243.24854
60.0,56.17404
132.0,131.47531
268.0,269.38275
340.0,340.29388
300.0,298.3335
196.00002,196.24374
204.0,204.38214
92.0,92.43381
156.0,156.0138
20.0,19.970581
156.0,156.0119
4.0,4.02359
140.0,140.35794
140.0,139.97876
132.0,131.74725
308.0,307.99646
60.0,63.47046
188.00002,188.23792
260.0,260.74258
92.0,91.477875
236.00002,235.48367
132.0,132.08469
316.0,316.34314
284.0,286.2351
116.0,115.85669
244.0,244.04443
116.0,116.13678
268.0,268.8353
68.0,68.378174
172.0,172.37823
260.0,260.80576
108.0,108.03894
4.0,3.9870605
116.0,116.09485
140.0,139.33203
348.0,348.47864
92.0,92.25299
332.0,332.43713
20.0,19.995941
52.0,50.931732
260.0,259.4901
204.0,204.25955
292.0,291.9624
60.0,60.789978
140.0,140.19452
356.0,356.2883
348.0,348.1835
204.0,204.40932
212.00002,212.10368
132.0,132.08856
116.0,115.94238
276.0,275.84546
316.0,316.39957
164.0,164.17432
220.00002,221.36311
332.0,332.28424
20.0,19.914948
20.0,19.856842
84.0,83.7876
132.0,131.98578
156.0,155.52405
92.0,94.02585
316.0,315.92615
252.0,249.5368
332.0,332.42905
180.0,180.10274
196.00002,196.49107
116.0,115.60181
20.0,19.981445
276.0,297.21622
268.0,270.06622
132.0,131.08795
124.0,124.39078
196.00002,196.41484
92.0,91.511566
356.0,356.2318
332.0,331.70355
204.0,204.0826
228.0,227.92206
116.0,116.12866
212.00002,213.52394
76.0,76.239105
116.0,115.690796
292.0,292.09595
356.0,355.97925
220.00002,220.81516
44.0,43.48477
92.0,91.43637
4.0,4.161316
140.0,140.06903
148.0,147.879
244.0,244.06566
20.0,19.980103
324.0,324.3707
148.0,148.07571
164.0,164.3208
292.0,292.10968
204.0,204.1183
180.0,180.16699
300.0,300.09863
292.0,295.9994
276.0,274.08307
220.00002,220.20041
4.0,5.358429
188.00002,188.3994
348.0,347.9973
316.0,315.8763
44.0,42.794556
28.0,27.178131
20.0,19.602325
324.0,325.41714
108.0,107.84833
308.0,311.80298
180.0,180.32582
124.0,123.96124
100.0,99.35138
308.0,308.33554
284.0,283.06216
228.0,228.75763
300.0,300.28284
156.0,155.70502
28.0,28.277039
108.0,108.20035
44.0,43.190704
252.0,252.1016
60.0,59.20044
164.0,164.16211
4.0,4.4456177
284.0,280.59293
324.0,324.39368
292.0,292.17462
252.0,251.8398
212.00002,212.17354
188.00002,188.15366
156.0,155.86414
60.0,60.437317
356.0,356.07843
212.00002,212.3102
196.00002,196.48975
196.00002,196.71912
276.0,277.1695
196.00002,196.40735
324.0,324.3363
172.0,172.21588
44.0,43.227356
196.00002,196.12299
60.0,55.769104
244.0,243.61594
44.0,41.99411
180.0,179.7431
300.0,300.20004
340.0,340.52472
244.0,244.94937
124.0,123.89563
140.0,139.77094
220.00002,220.56396
348.0,348.27335
164.0,163.85205
60.0,59.466644
28.0,27.935913
180.0,180.12276
340.0,340.31058
172.0,172.17883
244.0,243.77637
76.0,75.55765
44.0,43.539185
196.00002,196.08304
76.0,75.74036
308.0,309.2056
188.00002,188.19614
148.0,148.22076
316.0,316.34412
180.0,180.2146
60.0,59.45691
324.0,324.3587
212.00002,211.7273
196.00002,196.55469
84.0,84.11853
84.0,83.38342
260.0,260.41217
116.0,115.02374
4.0,3.9595642
116.0,115.572174
300.0,300.62418
236.00002,235.33412
228.0,227.87115
68.0,68.02899
308.0,308.33212
252.0,251.81343
116.0,116.00702
244.0,244.63083
252.0,251.81137
156.0,156.03992
220.00002,220.84499
124.0,123.672455
60.0,60.992035
4.0,4.1267395
284.0,283.9895
28.0,27.27353
348.0,348.3429
52.0,50.086426
196.00002,196.07268
180.0,180.02698
212.00002,212.1384
204.0,204.03596
268.0,267.10574
268.0,268.42972
188.00002,188.46939
244.0,243.55461
300.0,300.02374
124.0,124.206085
172.0,171.94196
196.00002,196.27638
300.0,300.25262
4.0,4.48053
44.0,43.342987
356.0,356.2369
52.0,51.852234
156.0,155.71912
180.0,180.52121
60.0,58.916138
140.0,140.22214
356.0,356.11987
324.0,324.36502
340.0,340.4106
236.00002,235.84943
236.00002,229.63744
276.0,276.35114
124.0,126.94736
44.0,43.436096
44.0,44.54239
60.0,59.767944
124.0,124.05496
76.0,76.4946
44.0,43.66449
324.0,324.02008
340.0,340.63477
252.0,252.81987
244.0,244.40067
36.0,35.60565
252.0,252.21996
340.0,341.55304
220.00002,219.87431
172.0,172.1419
348.0,348.18195
236.00002,235.309
36.0,34.76581
204.0,204.2668
236.00002,235.02957
188.00002,188.55368
260.0,259.64767
180.0,179.96393
316.0,316.43738
252.0,251.75417
340.0,340.17664
252.0,251.00563
60.0,59.316803
116.0,116.13541
76.0,75.86508
12.0,11.939819
188.00002,188.34807
124.0,124.063965
28.0,27.66269
260.0,260.32092
188.00002,187.93758
236.00002,235.98663
76.0,75.46295
220.00002,219.92606
292.0,293.2226
356.0,355.99896
236.00002,235.83047
76.0,77.39462
212.00002,212.03877
36.0,35.80719
60.0,59.35681
100.0,99.62845
156.0,156.0003
52.0,51.40811
268.0,268.51413
140.0,140.17786
252.0,254.03996
100.0,100.055664
260.0,259.34015
68.0,66.141785
196.00002,196.39749
196.00002,196.51436
180.0,179.96289
164.0,164.04828
268.0,268.25116
156.0,155.99976
92.0,92.33203
268.0,268.56448
44.0,42.484894
268.0,268.4248
356.0,356.02008
4.0,4.0326233
292.0,291.98068
92.0,91.6297
300.0,300.52203
52.0,51.55139
324.0,324.4871
212.00002,207.3369
140.0,140.15448
52.0,51.62317
116.0,116.21817
220.00002,220.75766
28.0,27.573181
132.0,131.68527
92.0,91.59589
68.0,67.50897
180.0,180.35078
316.0,316.05386
292.0,292.0461
148.0,147.99023
324.0,324.30142
180.0,180.13058
156.0,156.0628
252.0,252.22852
20.0,19.222473
276.0,277.16696
52.0,50.590057
180.0,179.91199
36.0,34.967224
76.0,74.684814
100.0,100.00574
20.0,19.335327
36.0,35.80658
4.0,3.8833313
116.0,115.91315
188.00002,188.12717
324.0,324.2046
204.0,204.1177
132.0,132.23553
156.0,155.85468
236.00002,235.88293
308.0,308.2479
132.0,132.1521
20.0,19.774902
188.00002,188.4316
100.0,100.02698
164.0,163.96014
228.0,228.93945
180.0,179.93457
196.00002,197.22145
156.0,156.14825
148.0,148.0075
332.0,332.32812
348.0,348.32184
148.0,148.09326
76.0,72.43439
212.00002,212.97585
332.0,332.2944
52.0,50.75702
316.0,316.00006
332.0,332.28867
204.0,204.03362
100.0,104.67062
132.0,132.0
356.0,356.1309
348.0,348.2719
84.0,85.37967
300.0,300.35757
340.0,340.2532
172.0,172.57867
220.00002,220.29813
340.0,339.97104
28.0,27.918274
76.0,78.09506
316.0,316.4261
276.0,278.3856
204.0,204.34685
20.0,19.375244
20.0,20.056885
204.0,204.50026
164.0,164.36865
164.0,164.03784
100.0,99.53717
204.0,204.31815
68.0,71.36722
236.00002,236.1925
308.0,308.36572
212.00002,212.06567
148.0,148.27771
100.0,99.9621
148.0,147.86566
348.0,348.04605
60.0,59.68701
180.0,180.19629
284.0,284.1517
124.0,124.134766
180.0,180.0439
164.0,163.24255
12.0,9.137756
84.0,83.57385
92.0,91.637726
292.0,292.12082
340.0,339.92004
140.0,140.06091
76.0,75.835236
68.0,66.4426
332.0,332.33374
316.0,316.1706
68.0,67.48364
148.0,147.99744
44.0,43.39917
196.00002,196.07932
204.0,204.15451
260.0,261.7833
164.0,164.97699
52.0,51.647217
4.0,4.5658875
332.0,332.5137
300.0,300.2351
100.0,99.828094
292.0,291.90576
108.0,107.13376
284.0,284.8209
116.0,115.92435
44.0,43.23758
148.0,148.28317
276.0,275.31912
92.0,92.12793
276.0,275.93073
44.0,44.254333
124.0,123.96982
324.0,323.9494
132.0,132.10883
212.00002,211.98581
260.0,260.38568
212.00002,212.1522
252.0,253.84528
220.00002,220.27922
60.0,59.057495
84.0,82.58026
172.0,171.41577
108.0,107.52295
180.0,180.15532
300.0,300.27655
124.0,123.63376
52.0,52.22101
236.00002,235.71204
196.00002,196.0275
60.0,58.762695
180.0,180.06306
196.00002,196.61723
76.0,75.90628
44.0,43.598877
300.0,299.91837
244.0,243.59741
4.0,4.236725
300.0,300.31955
12.0,11.9844055
140.0,140.10883
276.0,275.95898
204.0,204.14156
348.0,348.10654
300.0,300.60977
348.0,348.37903
268.0,270.05545
220.00002,220.43155
28.0,28.082031
356.0,356.45352
116.0,115.97443
156.0,156.19812
260.0,260.42636
340.0,341.4344
220.00002,219.91272
244.0,242.9555
84.0,81.24841
100.0,99.63086
252.0,252.09918
260.0,259.2118
332.0,332.80252
276.0,276.86646
332.0,332.32614
92.0,91.41211
356.0,356.10635
124.0,124.269135
284.0,284.7287
332.0,331.9012
188.00002,188.17181
140.0,139.92688
260.0,258.1292
132.0,132.00092
116.0,115.51721
236.00002,235.60098
284.0,284.26938
148.0,147.56104
44.0,44.998016
100.0,99.21857
76.0,75.89014
228.0,228.98547
76.0,75.57391
148.0,147.99564
276.0,276.73383
308.0,308.21533
316.0,316.44608
212.00002,212.31201
124.0,124.15842
300.0,300.39194
180.0,180.12596
284.0,285.77448
148.0,148.11035
276.0,276.58557
356.0,355.53323
244.0,244.19806
260.0,260.1314
92.0,92.19104
84.0,83.72098
92.0,89.732635
28.0,27.48529
228.0,228.16159
180.0,180.03088
164.0,163.63263
140.0,139.97412
332.0,332.2597
12.0,12.492249
228.0,227.86604
132.0,131.88617
316.0,315.99554
12.0,11.513794
268.0,268.37018
324.0,324.4674
68.0,67.9429
276.0,280.79724
116.0,116.36914
116.0,116.12619
124.0,124.11023
324.0,324.62057
188.00002,188.45708
236.00002,233.766
28.0,27.800354
12.0,11.845367
108.0,108.08273
308.0,308.52722
36.0,35.58008
148.0,148.37689
348.0,348.34186
20.0,20.155212
36.0,35.806763
292.0,291.85696
180.0,180.13062
300.0,300.3374
44.0,42.751495
52.0,51.408386
180.0,180.02802
212.00002,212.431
348.0,348.11606
204.0,204.5049
100.0,100.026764
108.0,107.81464
276.0,276.19473
108.0,107.09134
356.0,356.18536
100.0,101.224976
4.0,4.1575317
116.0,116.201965
20.0,19.835632
348.0,348.23462
340.0,340.04907
116.0,116.11542
108.0,107.95111
36.0,36.38034
4.0,3.9153442
164.0,163.96387
244.0,243.22534
316.0,316.3908
348.0,348.27942
156.0,155.98468
332.0,332.13498
268.0,268.3501
124.0,124.16107
76.0,75.14093
268.0,267.99875
356.0,356.09506
212.00002,215.7299
172.0,172.23364
316.0,316.0413
236.00002,236.24536
356.0,356.02414
12.0,12.101654
140.0,140.08826
356.0,356.33066
156.0,156.01001
60.0,59.4646
204.0,203.96915
140.0,139.93787
340.0,341.37833
92.0,91.591125
180.0,180.11813
68.0,65.69519
292.0,292.17413
324.0,323.96463
164.0,163.85486
76.0,75.38852
108.0,108.08853
252.0,255.07825
356.0,354.1659
108.0,108.1355
20.0,19.965393
132.0,132.18814
148.0,147.61243
332.0,332.4657
324.0,324.29883
132.0,132.03506
76.0,76.96802
252.0,251.80896
124.0,124.00824
84.0,83.996735
180.0,180.2248
12.0,17.250153
100.0,102.041534
156.0,155.4862
220.00002,219.96771
44.0,43.39435
300.0,300.94943
220.00002,220.20483
188.00002,188.26767
100.0,100.322205
236.00002,235.63907
212.00002,212.11348
292.0,292.0729
180.0,180.16829
292.0,292.1643
180.0,180.01547
356.0,356.32834
108.0,108.00238
108.0,108.05188
44.0,42.93228
84.0,84.85483
92.0,92.10147
316.0,316.36234
268.0,268.0644
228.0,228.72281
236.00002,232.00638
180.0,180.09769
36.0,35.675446
204.0,203.30333
100.0,100.69583
140.0,139.95483
36.0,35.44516
212.00002,212.05571
20.0,19.611328
44.0,43.440918
100.0,100.74997
100.0,99.79773
148.0,147.54486
84.0,84.05475
36.0,35.769745
332.0,332.2324
212.00002,212.45485
220.00002,220.25652
292.0,292.85895
108.0,108.13345
148.0,148.2876
28.0,27.749542
132.0,131.95148
4.0,3.9611816
180.0,180.02333
356.0,355.92892
76.0,73.43005
292.0,292.06213
324.0,324.99652
252.0,251.19545
84.0,83.67847
332.0,332.37872
284.0,286.41626
164.0,163.87598
60.0,58.912506
180.0,180.12204
100.0,99.8418
84.0,83.32196
236.00002,235.96924
356.0,355.9376
292.0,291.8218
44.0,43.496002
4.0,4.0500183
244.0,243.60687
4.0,4.505127
76.0,75.77692
332.0,332.40115
356.0,355.73752
220.00002,221.87001
68.0,66.811005
180.0,180.2615
20.0,19.636932
172.0,172.23853
44.0,42.3562
180.0,180.1822
20.0,19.963074
212.00002,212.13069
108.0,107.14209
132.0,130.79291
116.0,115.89505
228.0,228.80951
164.0,164.05573
316.0,316.37115
308.0,307.70825
212.00002,211.86482
44.0,43.272797
340.0,339.36234
156.0,155.95776
236.00002,236.08789
132.0,132.05942
220.00002,220.12971
244.0,243.9057
92.0,92.01364
292.0,291.8381
180.0,180.10368
268.0,268.33444
28.0,27.987762
180.0,180.14903
92.0,92.111176
164.0,164.00171
132.0,131.82635
228.0,228.09691
268.0,267.96698
204.0,203.93248
20.0,20.529938
252.0,252.40262
140.0,140.16339
228.0,227.91476
228.0,227.8953
36.0,35.366577
348.0,347.8908
20.0,19.879059
156.0,154.8454
276.0,276.2738
28.0,28.067017
52.0,51.49771
60.0,58.78238
84.0,82.25372
172.0,171.78564
204.0,204.37123
148.0,148.14288
36.0,35.522675
204.0,204.40436
228.0,229.32304
164.0,164.17053
204.0,204.10428
52.0,49.378784
316.0,316.42914
108.0,108.208496
156.0,155.93988
260.0,259.99292
84.0,83.74225
260.0,259.7646
212.00002,211.86288
108.0,108.0954
44.0,43.354065
292.0,293.36804
172.0,172.11237
292.0,292.28183
196.00002,196.65753
124.0,122.25403
132.0,131.88947
60.0,59.321106
132.0,132.0213
92.0,91.960815
324.0,324.36642
308.0,308.50058
108.0,108.26672
356.0,356.56934
356.0,355.92792
332.0,332.41516
148.0,147.79584
20.0,19.993378
316.0,316.19977
228.0,227.8615
236.00002,236.6355
308.0,308.0625
204.0,204.0812
84.0,83.4866
76.0,75.81738
156.0,155.91162
100.0,100.221924
244.0,246.77724
180.0,180.66191
308.0,304.90356
308.0,308.1639
236.00002,236.07785
212.00002,211.88928
156.0,156.40784
332.0,332.34247
268.0,267.7764
212.00002,212.27512
252.0,250.7363
188.00002,188.34845
132.0,131.75653
140.0,139.8601
84.0,85.88385
300.0,300.07
348.0,346.04657
164.0,163.96332
52.0,51.47174
4.0,3.821869
252.0,251.78653
220.00002,220.24854
196.00002,196.95801
236.00002,236.81749
180.0,180.26942
12.0,12.013153
204.0,204.35724
116.0,116.36636
92.0,89.6958
84.0,83.44742
228.0,227.70476
252.0,253.68597
52.0,51.501526
188.00002,188.4196
236.00002,236.037
4.0,3.8897705
36.0,36.00183
68.0,67.137085
20.0,19.994019
20.0,17.111328
244.0,243.035
20.0,19.841583
332.0,332.5847
228.0,227.55057
164.0,164.0346
180.0,179.6643
148.0,147.76813
180.0,180.04863
180.0,180.19272
276.0,276.1589
132.0,131.87482
68.0,71.046265
20.0,19.983612
92.0,92.02576
20.0,20.060425
108.0,107.9516
292.0,292.911
276.0,276.00635
148.0,148.21143
92.0,91.47293
36.0,35.35367
260.0,260.1762
172.0,172.12573
132.0,132.14993
156.0,156.18243
